Date/time,V1;wind_speed;Avg,V1;wind_speed;Max,V1;wind_speed;Min,V1;wind_speed;StdDev,V1;wind_speed;Count,V4;wind_speed;Avg,V4;wind_speed;Max,V4;wind_speed;Min,V4;wind_speed;StdDev,V4;wind_speed;Count,V2;wind_speed;Avg,V2;wind_speed;Max,V2;wind_speed;Min,V2;wind_speed;StdDev,V2;wind_speed;Count,V3;wind_speed;Avg,V3;wind_speed;Max,V3;wind_speed;Min,V3;wind_speed;StdDev,V3;wind_speed;Count,D 1;wind_direction;Avg,D 1;wind_direction;StdDev,D 1;wind_direction;Count,D2;wind_direction;Avg,D2;wind_direction;StdDev,D2;wind_direction;Count,T1;temperature;Avg,T1;temperature;Max,T1;temperature;Min,T1;temperature;StdDev,T1;temperature;Count,T2;temperature;Avg,T2;temperature;Max,T2;temperature;Min,T2;temperature;StdDev,T2;temperature;Count,A3;Avg,A3;Max,A3;Min,A3;StdDev,A3;Count,A4;Avg,A4;Max,A4;Min,A4;StdDev,A4;Count,A5;Avg,A5;Max,A5;Min,A5;StdDev,A6;Avg,A6;Max,A6;Min,A6;StdDev,C1;Avg,C1;Max,C1;Min,C1;StdDev,C1;Count,C2;Avg,C2;Max,C2;Min,C2;StdDev,C2;Count,C3;Avg,C3;Max,C3;Min,C3;StdDev,C3;Count,C4;Avg,C4;Max,C4;Min,C4;StdDev,C4;Count,D1;Avg,D1;Max,D1;Min,D1;StdDev,D1;Count,V;Avg,V;Max,V;Min,I;Avg,I;Max,I;Min,T,addr
2017-12-01 00:00:00,9.5629,11.7200,6.4280,1.0343,600,9.6429,12.0273,5.8046,1.0959,600,8.4684,11.0140,5.6170,1.1679,600,6.7072,10.1650,3.2800,1.3312,600,94.4542,6.6600,600,273.8463,7.3972,600,25.7862,25.8497,25.7481,0.0189,600,25.9422,25.9852,25.9005,0.0143,600,5.7755,5.7787,5.7701,0.0013,600,4.3932,4.7874,4.0214,0.1182,600,2.0210,2.0222,2.0203,0.0003,2.0238,2.0246,2.0231,0.0003,12.1467,15.0000,8.0000,1.3681,600,10.6983,14.0000,7.0000,1.5148,600,8.4800,13.0000,4.0000,1.7401,600,15.1683,19.0000,9.0000,1.7612,600,268.6717,357,174,19.0027,600,12.36,12.41,12.31,94.4333,104,88,32.0,3756200
2017-12-01 00:10:00,9.1307,11.7200,5.6720,1.1386,600,9.2042,12.0273,5.1823,1.2144,600,7.9159,11.0140,4.8460,1.2212,600,5.9753,9.4000,2.5150,1.1164,600,97.1505,5.5670,600,276.7387,8.1772,600,25.7544,25.7819,25.7142,0.0181,600,25.9255,25.9513,25.9005,0.0115,600,5.7735,5.7775,5.7692,0.0014,600,4.4382,4.8109,3.9604,0.1307,600,2.0204,2.0209,2.0197,0.0003,2.0235,2.0240,2.0231,0.0002,11.5750,15.0000,7.0000,1.5060,600,9.9817,14.0000,6.0000,1.5839,600,7.5233,12.0000,3.0000,1.4593,600,14.4633,19.0000,8.0000,1.9515,600,276.3367,320,213,15.8608,600,12.35,12.36,12.31,93.9800,104,88,32.0,3756254
2017-12-01 00:20:00,9.5112,12.4760,6.4280,1.3008,600,9.6056,12.6495,6.4268,1.3814,600,8.5172,11.7850,4.8460,1.3487,600,6.7353,10.9300,3.2800,1.4977,600,97.3376,5.3688,600,277.4824,8.6170,600,25.7365,25.7819,25.6972,0.0183,600,25.9209,25.9513,25.8666,0.0153,600,5.7714,5.7756,5.7665,0.0015,600,4.4483,4.9928,3.8261,0.1379,600,2.0201,2.0209,2.0194,0.0003,2.0234,2.0240,2.0225,0.0003,12.0783,16.0000,8.0000,1.7206,600,10.7617,15.0000,6.0000,1.7493,600,8.5167,14.0000,4.0000,1.9577,600,15.1083,20.0000,10.0000,2.2199,600,276.8683,328,219,15.2973,600,12.34,12.36,12.31,93.3733,104,88,32.0,3756308
2017-12-01 00:30:00,8.9215,12.4760,4.9160,1.4986,600,8.9273,12.6495,5.1823,1.5798,600,7.8105,11.7850,3.3040,1.4390,600,5.8950,10.1650,2.5150,1.4507,600,96.0150,6.8626,600,275.8987,9.1665,600,25.7096,25.7650,25.6634,0.0169,600,25.8635,25.9174,25.8158,0.0258,600,5.7692,5.7738,5.7640,0.0015,600,4.4214,4.8543,3.8527,0.1465,600,2.0196,2.0206,2.0188,0.0003,2.0224,2.0234,2.0215,0.0005,11.2983,16.0000,6.0000,1.9822,600,9.8450,15.0000,4.0000,1.8664,600,7.4183,13.0000,3.0000,1.8963,600,14.0183,20.0000,8.0000,2.5388,600,273.1100,358,204,19.5661,600,12.32,12.36,12.31,93.7067,98,88,32.0,3756362
2017-12-01 00:40:00,8.1781,10.9640,4.9160,1.0734,600,8.1536,10.7827,5.1823,1.1114,600,7.4353,10.2430,4.8460,1.1155,600,5.6209,9.4000,3.2800,1.2361,600,93.8408,6.0741,600,274.7487,7.5570,600,25.7112,25.7819,25.6464,0.0361,600,25.8446,25.8836,25.7989,0.0252,600,5.7674,5.7704,5.7625,0.0013,600,4.4016,4.7697,4.0074,0.1207,600,2.0197,2.0209,2.0185,0.0007,2.0221,2.0228,2.0212,0.0005,10.3150,14.0000,6.0000,1.4198,600,9.3583,13.0000,6.0000,1.4469,600,7.0600,12.0000,4.0000,1.6158,600,12.7750,17.0000,8.0000,1.7860,600,266.9233,319,203,17.3058,600,12.31,12.36,12.31,94.3200,100,88,32.0,3756416
2017-12-01 00:50:00,9.1231,12.4760,5.6720,1.4106,600,9.1430,12.6495,5.1823,1.4661,600,8.1536,11.0140,4.8460,1.3445,600,5.9090,8.6350,3.2800,1.2128,600,92.7744,5.2668,600,273.6135,7.6725,600,25.7040,25.7819,25.6464,0.0291,600,25.8073,25.8497,25.7819,0.0195,600,5.7655,5.7692,5.7601,0.0013,600,4.3821,4.7746,4.0184,0.1225,600,2.0195,2.0209,2.0185,0.0005,2.0214,2.0222,2.0209,0.0004,11.5650,16.0000,7.0000,1.8659,600,10.2900,14.0000,6.0000,1.7438,600,7.4367,11.0000,4.0000,1.5854,600,14.3650,20.0000,8.0000,2.3561,600,263.8950,323,222,15.0058,600,12.31,12.36,12.31,94.1900,100,88,32.0,3756470
2017-12-01 01:00:00,9.9447,12.4760,7.1840,1.0983,600,10.0184,12.6495,6.4268,1.1673,600,8.8552,11.7850,4.8460,1.2973,600,6.6906,10.9300,3.2800,1.5149,600,91.5056,5.6640,600,271.5883,7.4403,600,25.7493,25.7819,25.7142,0.0173,600,25.8533,25.9005,25.7989,0.0191,600,5.7637,5.7677,5.7576,0.0014,600,4.3482,4.9525,3.8591,0.1189,600,2.0203,2.0209,2.0197,0.0003,2.0222,2.0231,2.0212,0.0003,12.6517,16.0000,9.0000,1.4528,600,11.2000,15.0000,6.0000,1.6827,600,8.4583,14.0000,4.0000,1.9803,600,15.7717,20.0000,10.0000,1.8758,600,260.2783,320,187,16.1442,600,12.31,12.36,12.31,93.9800,100,88,32.0,3756524
2017-12-01 01:10:00,9.3361,12.4760,5.6720,1.1656,600,9.3743,12.0273,5.8046,1.2311,600,8.2050,11.0140,4.0750,1.4755,600,6.3553,9.4000,2.5150,1.2803,600,91.5075,5.3160,600,270.6823,7.4382,600,25.7523,25.7989,25.6972,0.0304,600,25.8860,25.9344,25.8327,0.0239,600,5.7613,5.7656,5.7573,0.0013,600,4.3316,4.7203,3.7437,0.1189,600,2.0204,2.0212,2.0194,0.0005,2.0228,2.0237,2.0219,0.0004,11.8467,16.0000,7.0000,1.5418,600,10.3567,14.0000,5.0000,1.9137,600,8.0200,12.0000,3.0000,1.6736,600,14.7367,19.0000,9.0000,1.9783,600,260.2867,314,207,15.1462,600,12.31,12.36,12.26,94.1267,100,88,32.0,3756578
2017-12-01 01:20:00,7.7825,10.2080,4.1600,1.1362,600,7.7606,10.1605,4.5600,1.1957,600,7.0986,10.2430,3.3040,1.2700,600,5.4488,8.6350,2.5150,1.2529,600,91.2892,5.8988,600,271.7355,7.6041,600,25.6758,25.7311,25.6464,0.0175,600,25.8351,25.8666,25.7819,0.0191,600,5.7589,5.7622,5.7527,0.0012,600,4.3469,4.8317,3.9937,0.1213,600,2.0190,2.0200,2.0185,0.0003,2.0219,2.0225,2.0209,0.0003,9.7917,13.0000,5.0000,1.5029,600,8.9217,13.0000,4.0000,1.6472,600,6.8350,11.0000,3.0000,1.6378,600,12.1433,16.0000,7.0000,1.9215,600,259.6617,309,200,16.8073,600,12.31,12.36,12.26,94.4100,100,88,32.0,3756632
2017-12-01 01:30:00,7.4020,10.2080,4.9160,1.2852,600,7.3623,10.7827,4.5600,1.3410,600,6.6643,10.2430,4.0750,1.2306,600,5.1441,8.6350,2.5150,1.1669,600,89.4146,7.9651,600,269.8731,9.4037,600,25.6188,25.6634,25.5787,0.0235,600,25.8031,25.8497,25.7650,0.0240,600,5.7574,5.7604,5.7518,0.0014,600,4.3161,4.9879,3.8249,0.1501,600,2.0180,2.0188,2.0173,0.0004,2.0213,2.0222,2.0206,0.0004,9.2883,13.0000,6.0000,1.7000,600,8.3583,13.0000,5.0000,1.5961,600,6.4367,11.0000,3.0000,1.5253,600,11.5033,17.0000,7.0000,2.1551,600,254.3183,336,166,22.7190,600,12.31,12.36,12.26,94.6267,100,94,32.0,3756687
2017-12-01 01:40:00,7.6313,10.9640,4.9160,1.2799,600,7.6226,10.7827,4.5600,1.2983,600,7.0074,10.2430,4.0750,1.1097,600,5.0726,7.8700,2.5150,0.9979,600,92.2966,7.1775,600,272.9078,8.5706,600,25.6399,25.7142,25.5956,0.0201,600,25.7993,25.8497,25.7819,0.0137,600,5.7554,5.7582,5.7509,0.0014,600,4.3629,4.7560,3.9634,0.1366,600,2.0184,2.0197,2.0176,0.0004,2.0212,2.0222,2.0209,0.0002,9.5917,14.0000,6.0000,1.6930,600,8.8033,13.0000,5.0000,1.4393,600,6.3433,10.0000,3.0000,1.3045,600,11.9217,17.0000,7.0000,2.0863,600,262.5233,322,186,20.4594,600,12.31,12.36,12.26,94.5133,100,90,32.0,3756741
2017-12-01 01:50:00,8.3722,10.9640,5.6720,1.0525,600,8.4264,10.7827,5.8046,1.0831,600,7.6023,11.0140,4.0750,1.2953,600,5.9448,9.4000,2.5150,1.3393,600,85.7055,6.0692,600,265.1860,8.2891,600,25.6797,25.7142,25.6464,0.0141,600,25.8833,25.9174,25.8327,0.0145,600,5.7540,5.7567,5.7494,0.0012,600,4.2384,4.5674,3.7727,0.1324,600,2.0191,2.0197,2.0185,0.0003,2.0228,2.0234,2.0219,0.0003,10.5717,14.0000,7.0000,1.3922,600,9.5750,14.0000,5.0000,1.6800,600,7.4833,12.0000,3.0000,1.7507,600,13.2133,17.0000,9.0000,1.7406,600,243.7833,290,194,17.2886,600,12.30,12.31,12.26,94.4400,100,90,32.0,3756795
2017-12-01 02:00:00,8.7414,10.9640,5.6720,1.1290,600,8.7842,11.4050,5.1823,1.1674,600,7.8568,11.0140,4.8460,1.2818,600,6.2788,9.4000,3.2800,1.3532,600,81.9855,6.2240,600,262.1128,8.3041,600,25.6992,25.7311,25.6634,0.0151,600,25.9103,25.9513,25.8666,0.0161,600,5.7520,5.7558,5.7460,0.0014,600,4.1881,4.8164,3.7846,0.1324,600,2.0194,2.0200,2.0188,0.0003,2.0232,2.0240,2.0225,0.0003,11.0600,14.0000,7.0000,1.4934,600,9.9050,14.0000,6.0000,1.6625,600,7.9200,12.0000,4.0000,1.7688,600,13.7883,18.0000,8.0000,1.8760,600,233.2050,290,173,17.7356,600,12.29,12.36,12.26,94.7733,100,90,32.0,3756849
2017-12-01 02:10:00,9.0664,11.7200,6.4280,1.1128,600,9.1223,12.0273,5.8046,1.1311,600,8.5532,11.7850,5.6170,0.9937,600,6.1589,10.1650,3.2800,1.2950,600,88.3588,6.1044,600,266.9493,8.1496,600,25.7317,25.7819,25.6803,0.0201,600,25.9608,25.9852,25.9005,0.0178,600,5.7495,5.7540,5.7427,0.0014,600,4.2635,4.7993,3.8008,0.1299,600,2.0200,2.0209,2.0191,0.0004,2.0242,2.0246,2.0231,0.0003,11.4900,15.0000,8.0000,1.4720,600,10.8083,15.0000,7.0000,1.2888,600,7.7633,13.0000,4.0000,1.6928,600,14.3317,19.0000,9.0000,1.8176,600,251.3383,307,188,17.3958,600,12.27,12.31,12.26,95.5567,100,90,32.0,3756903
2017-12-01 02:20:00,10.3857,13.2320,6.4280,1.4202,600,10.4674,13.8941,7.0491,1.4795,600,9.4412,13.3270,5.6170,1.5911,600,7.3562,10.9300,3.2800,1.5692,600,91.2364,5.2072,600,271.9090,7.4588,600,25.7389,25.8327,25.6634,0.0384,600,25.9141,25.9682,25.8836,0.0168,600,5.7471,5.7506,5.7421,0.0013,600,4.3408,4.7972,3.8026,0.1188,600,2.0202,2.0219,2.0188,0.0007,2.0233,2.0243,2.0228,0.0003,13.2350,17.0000,8.0000,1.8786,600,11.9600,17.0000,7.0000,2.0637,600,9.3283,14.0000,4.0000,2.0512,600,16.4933,22.0000,11.0000,2.3775,600,259.5150,308,201,14.8359,600,12.26,12.31,12.26,95.2267,100,90,32.0,3756957
2017-12-01 02:30:00,9.6082,11.7200,7.1840,0.9227,600,9.6295,12.0273,7.0491,0.9758,600,8.6380,11.7850,4.0750,1.3227,600,6.5529,11.6950,3.2800,1.4609,600,89.1683,5.3990,600,269.8050,6.7939,600,25.7446,25.8327,25.6634,0.0380,600,25.8968,25.9682,25.8158,0.0355,600,5.7461,5.7488,5.7387,0.0013,600,4.3064,4.7563,3.8755,0.1081,600,2.0203,2.0219,2.0188,0.0007,2.0230,2.0243,2.0215,0.0006,12.2067,15.0000,9.0000,1.2206,600,10.9183,15.0000,5.0000,1.7156,600,8.2783,15.0000,4.0000,1.9097,600,15.1467,19.0000,11.0000,1.5682,600,253.6283,305,204,15.3826,600,12.26,12.31,12.26,90.3267,96,88,32.0,3757011
2017-12-01 02:40:00,8.7703,10.9640,5.6720,1.1912,600,8.7759,10.7827,5.8046,1.2019,600,7.8657,11.0140,4.8460,1.2176,600,6.2138,9.4000,2.5150,1.1080,600,86.6107,6.0479,600,268.6078,7.2027,600,25.6544,25.7142,25.5956,0.0337,600,25.8220,25.8497,25.7819,0.0150,600,5.7438,5.7466,5.7390,0.0014,600,4.2856,4.7575,3.8679,0.1146,600,2.0186,2.0197,2.0176,0.0006,2.0217,2.0222,2.0209,0.0003,11.0983,14.0000,7.0000,1.5757,600,9.9167,14.0000,6.0000,1.5792,600,7.8350,12.0000,3.0000,1.4484,600,13.7750,17.0000,9.0000,1.9315,600,246.3533,321,193,17.2347,600,12.26,12.31,12.26,90.3167,96,88,32.0,3757067
2017-12-01 02:50:00,7.8165,11.7200,4.9160,1.3163,600,7.8269,11.4050,4.5600,1.3651,600,6.4625,11.0140,4.0750,1.4320,600,4.9439,8.6350,2.5150,1.1342,600,87.6185,7.2810,600,268.9932,9.2950,600,25.5939,25.6464,25.5617,0.0205,600,25.7750,25.8327,25.7142,0.0294,600,5.7413,5.7451,5.7344,0.0016,600,4.2902,4.7462,3.8838,0.1477,600,2.0175,2.0185,2.0170,0.0004,2.0208,2.0219,2.0197,0.0005,9.8367,15.0000,6.0000,1.7412,600,8.0967,14.0000,5.0000,1.8573,600,6.1750,11.0000,3.0000,1.4826,600,12.2500,18.0000,7.0000,2.1937,600,249.2150,313,176,20.7557,600,12.26,12.31,12.26,90.4600,98,88,32.0,3757121
2017-12-01 03:00:00,8.2500,11.7200,4.9160,1.3051,600,8.2646,11.4050,5.1823,1.3431,600,7.4520,11.0140,3.3040,1.4379,600,5.6617,8.6350,1.7500,1.3084,600,92.6752,6.0766,600,274.0033,8.3255,600,25.6371,25.6634,25.5956,0.0149,600,25.8038,25.8327,25.7481,0.0163,600,5.7387,5.7424,5.7317,0.0015,600,4.3681,5.0566,3.9677,0.1324,600,2.0183,2.0188,2.0176,0.0003,2.0213,2.0219,2.0203,0.0003,10.4100,15.0000,6.0000,1.7263,600,9.3800,14.0000,4.0000,1.8650,600,7.1133,11.0000,2.0000,1.7104,600,12.9533,18.0000,8.0000,2.1585,600,263.6000,312,213,17.3118,600,12.26,12.31,12.21,90.3967,96,88,32.0,3757175
2017-12-01 03:10:00,7.4297,10.2080,4.1600,1.2354,600,7.4557,10.1605,4.5600,1.2692,600,6.5859,10.2430,3.3040,1.2484,600,4.9630,7.8700,2.5150,1.0882,600,93.1459,6.7823,600,273.2274,8.0373,600,25.6185,25.6634,25.5787,0.0195,600,25.8286,25.8497,25.7819,0.0155,600,5.7367,5.7405,5.7305,0.0015,600,4.3539,4.7853,3.9552,0.1275,600,2.0180,2.0188,2.0173,0.0004,2.0218,2.0222,2.0209,0.0003,9.3250,13.0000,5.0000,1.6342,600,8.2567,13.0000,4.0000,1.6192,600,6.2000,10.0000,3.0000,1.4225,600,11.6533,16.0000,7.0000,2.0396,600,264.9417,326,202,19.3335,600,12.26,12.31,12.21,90.1567,96,88,32.0,3757229
2017-12-01 03:20:00,7.5607,10.9640,4.1600,1.4047,600,7.6029,10.1605,3.9378,1.4235,600,6.6604,10.2430,4.0750,1.1346,600,5.0459,8.6350,2.5150,1.2106,600,95.5180,5.3464,600,276.0895,7.4546,600,25.6190,25.6634,25.5617,0.0230,600,25.8130,25.8666,25.7650,0.0272,600,5.7342,5.7378,5.7289,0.0014,600,4.3977,4.7664,4.0254,0.1183,600,2.0180,2.0188,2.0170,0.0004,2.0215,2.0225,2.0206,0.0005,9.4983,14.0000,5.0000,1.8581,600,8.3533,13.0000,5.0000,1.4715,600,6.3083,11.0000,3.0000,1.5824,600,11.8900,16.0000,6.0000,2.2876,600,271.7017,324,226,15.2315,600,12.26,12.26,12.21,90.1967,96,88,32.0,3757283
2017-12-01 03:30:00,8.1895,10.2080,5.6720,0.9208,600,8.2864,10.7827,5.8046,0.9503,600,7.2888,9.4720,4.0750,1.0333,600,5.5176,8.6350,2.5150,1.1660,600,93.6040,6.0096,600,274.9082,7.8080,600,25.6205,25.6803,25.5448,0.0382,600,25.7892,25.8327,25.7311,0.0233,600,5.7320,5.7353,5.7259,0.0012,600,4.3773,5.0261,3.8759,0.1243,600,2.0180,2.0191,2.0167,0.0007,2.0211,2.0219,2.0200,0.0004,10.3300,13.0000,7.0000,1.2180,600,9.1683,12.0000,5.0000,1.3403,600,6.9250,11.0000,3.0000,1.5242,600,12.9883,17.0000,9.0000,1.5271,600,266.2517,331,216,17.1238,600,12.26,12.31,12.21,90.1800,96,88,32.0,3757337
2017-12-01 03:40:00,8.4289,10.9640,4.9160,1.2189,600,8.4772,10.7827,4.5600,1.2546,600,7.3646,11.0140,4.0750,1.3206,600,5.6553,9.4000,2.5150,1.3336,600,91.5519,5.4634,600,271.1976,7.2409,600,25.6069,25.6634,25.5617,0.0163,600,25.7599,25.7989,25.7311,0.0149,600,5.7299,5.7329,5.7247,0.0014,600,4.3166,4.7859,3.9744,0.1148,600,2.0178,2.0188,2.0170,0.0003,2.0205,2.0212,2.0200,0.0003,10.6467,14.0000,6.0000,1.6123,600,9.2667,14.0000,5.0000,1.7128,600,7.1050,12.0000,3.0000,1.7433,600,13.2950,17.0000,7.0000,2.0161,600,260.4133,318,202,15.5677,600,12.25,12.26,12.21,90.2000,96,88,32.0,3757392
2017-12-01 03:50:00,9.0942,11.7200,5.6720,1.1406,600,9.1576,12.0273,5.8046,1.1883,600,8.1395,11.0140,4.8460,1.1773,600,6.2469,9.4000,4.0450,1.0783,600,94.4770,5.2949,600,274.7968,7.5715,600,25.6433,25.7142,25.5787,0.0295,600,25.7602,25.7989,25.7311,0.0137,600,5.7268,5.7314,5.7219,0.0014,600,4.3716,4.8866,4.0443,0.1201,600,2.0184,2.0197,2.0173,0.0005,2.0205,2.0212,2.0200,0.0002,11.5267,15.0000,7.0000,1.5088,600,10.2717,14.0000,6.0000,1.5270,600,7.8783,12.0000,5.0000,1.4096,600,14.3883,19.0000,9.0000,1.9097,600,268.7500,355,214,15.1016,600,12.23,12.26,12.21,90.2333,98,88,32.0,3757446
2017-12-01 04:00:00,9.6649,11.7200,6.4280,0.8590,600,9.7591,12.0273,6.4268,0.9186,600,8.3219,11.0140,4.8460,1.1367,600,6.3604,10.1650,3.2800,1.2462,600,94.9195,4.5692,600,275.2999,7.3339,600,25.6790,25.7481,25.6126,0.0346,600,25.7673,25.8327,25.7311,0.0225,600,5.7237,5.7274,5.7170,0.0015,600,4.3770,4.9495,3.9769,0.1163,600,2.0191,2.0203,2.0179,0.0006,2.0207,2.0219,2.0200,0.0004,12.2817,15.0000,8.0000,1.1363,600,10.5083,14.0000,6.0000,1.4743,600,8.0267,13.0000,4.0000,1.6290,600,15.3550,19.0000,10.0000,1.4762,600,269.9917,310,226,13.0145,600,12.22,12.26,12.21,90.4000,96,90,32.0,3757500
2017-12-01 04:10:00,8.2878,10.9640,5.6720,1.0370,600,8.3414,10.7827,5.1823,1.1223,600,7.5458,10.2430,4.8460,0.9689,600,5.9256,9.4000,2.5150,1.1126,600,91.4640,5.5819,600,270.9020,6.6164,600,25.6486,25.7311,25.5956,0.0280,600,25.7778,25.8327,25.7481,0.0198,600,5.7211,5.7247,5.7170,0.0015,600,4.3052,4.7069,3.9940,0.1047,600,2.0185,2.0200,2.0176,0.0005,2.0209,2.0219,2.0203,0.0004,10.4600,14.0000,7.0000,1.3717,600,9.5017,13.0000,6.0000,1.2567,600,7.4583,12.0000,3.0000,1.4543,600,13.0767,17.0000,8.0000,1.8036,600,260.1617,310,208,15.9038,600,12.21,12.26,12.21,90.4367,96,90,32.0,3757554
2017-12-01 04:20:00,8.5183,10.2080,5.6720,0.7752,600,8.5612,10.1605,5.8046,0.8100,600,7.3466,9.4720,4.8460,0.9390,600,5.5431,8.6350,1.7500,1.1226,600,95.1797,4.4793,600,275.7889,7.2501,600,25.6144,25.6634,25.5787,0.0180,600,25.7385,25.7650,25.6972,0.0196,600,5.7171,5.7210,5.7109,0.0016,600,4.3798,4.7777,4.0364,0.1147,600,2.0179,2.0188,2.0173,0.0003,2.0202,2.0206,2.0194,0.0004,10.7650,13.0000,7.0000,1.0254,600,9.2433,12.0000,6.0000,1.2179,600,6.9583,11.0000,2.0000,1.4675,600,13.4300,16.0000,9.0000,1.3018,600,270.7333,315,219,12.7591,600,12.21,12.26,12.16,90.3967,96,88,32.0,3757608
2017-12-01 04:30:00,7.4511,9.4520,4.1600,0.9536,600,7.4754,10.1605,4.5600,0.9799,600,6.6077,9.4720,3.3040,0.9250,600,4.8750,7.8700,2.5150,0.8541,600,92.2338,7.2932,600,274.3437,8.2191,600,25.5685,25.6126,25.5279,0.0163,600,25.6703,25.7142,25.6295,0.0181,600,5.7140,5.7173,5.7088,0.0014,600,4.3542,4.7652,3.6888,0.1304,600,2.0171,2.0179,2.0164,0.0003,2.0189,2.0197,2.0182,0.0003,9.3533,12.0000,5.0000,1.2614,600,8.2850,12.0000,4.0000,1.1998,600,6.0850,10.0000,3.0000,1.1165,600,11.6850,16.0000,7.0000,1.5748,600,262.2833,309,172,20.8212,600,12.21,12.26,12.16,90.2467,96,88,32.0,3757662
2017-12-01 04:40:00,7.2079,10.2080,4.1600,1.0966,600,7.2399,10.7827,3.9378,1.1046,600,6.2891,9.4720,2.5330,1.1450,600,4.6736,7.8700,2.5150,1.0012,600,90.0934,6.0084,600,269.7103,8.2995,600,25.5588,25.6126,25.5279,0.0185,600,25.6493,25.6972,25.6126,0.0195,600,5.7110,5.7192,5.7045,0.0018,600,4.2782,4.7041,3.3421,0.1316,600,2.0169,2.0179,2.0164,0.0003,2.0185,2.0194,2.0179,0.0004,9.0317,13.0000,5.0000,1.4506,600,7.8717,12.0000,3.0000,1.4851,600,5.8217,10.0000,3.0000,1.3087,600,11.3067,17.0000,6.0000,1.7752,600,256.2583,304,202,17.1185,600,12.21,12.21,12.16,90.3533,96,88,32.0,3757716
2017-12-01 04:50:00,7.3365,9.4520,4.9160,0.9524,600,7.3706,9.5382,4.5600,0.9847,600,6.4021,9.4720,3.3040,1.0668,600,4.8253,7.8700,2.5150,1.1669,600,95.9409,5.6785,600,276.6961,7.6187,600,25.5877,25.6464,25.5448,0.0244,600,25.6700,25.6972,25.6295,0.0163,600,5.7063,5.7100,5.7009,0.0019,600,4.3859,4.7902,4.0031,0.1200,600,2.0174,2.0185,2.0167,0.0004,2.0189,2.0194,2.0182,0.0003,9.2017,12.0000,6.0000,1.2598,600,8.0183,12.0000,4.0000,1.3837,600,6.0200,10.0000,3.0000,1.5254,600,11.5167,15.0000,7.0000,1.5824,600,272.8950,314,212,16.1770,600,12.20,12.21,12.16,90.2500,96,88,32.0,3757770
2017-12-01 05:00:00,7.7384,10.2080,4.9160,0.9577,600,7.7834,10.1605,5.1823,1.0127,600,6.8082,10.2430,4.0750,0.9866,600,5.2307,7.8700,3.2800,0.9677,600,98.6373,5.4617,600,280.0616,7.6878,600,25.5908,25.6295,25.5448,0.0159,600,25.6962,25.7311,25.6634,0.0163,600,5.7016,5.7060,5.6957,0.0016,600,4.4356,4.9080,4.0474,0.1216,600,2.0175,2.0182,2.0167,0.0003,2.0194,2.0200,2.0188,0.0003,9.7333,13.0000,6.0000,1.2668,600,8.5450,13.0000,5.0000,1.2796,600,6.5500,10.0000,4.0000,1.2650,600,12.1800,16.0000,8.0000,1.6275,600,280.5683,336,231,15.5611,600,12.17,12.21,12.16,90.2200,96,88,32.0,3757824
2017-12-01 05:10:00,7.5910,10.2080,4.9160,1.0333,600,7.6092,10.7827,5.1823,1.1100,600,6.5126,10.2430,3.3040,1.1117,600,4.8967,7.8700,2.5150,1.0283,600,98.1248,6.2725,600,279.1339,8.5736,600,25.6089,25.6464,25.5617,0.0173,600,25.7282,25.7650,25.6972,0.0216,600,5.6979,5.7018,5.6914,0.0016,600,4.4182,4.9010,3.8353,0.1351,600,2.0178,2.0185,2.0170,0.0003,2.0200,2.0206,2.0194,0.0004,9.5383,13.0000,6.0000,1.3669,600,8.1617,13.0000,4.0000,1.4419,600,6.1133,10.0000,3.0000,1.3442,600,11.9000,17.0000,8.0000,1.7838,600,279.1133,329,212,17.8705,600,12.16,12.21,12.16,90.3067,96,88,32.0,3757878
2017-12-01 05:20:00,6.8854,9.4520,4.1600,1.0760,600,6.8593,9.5382,3.9378,1.1271,600,6.0154,8.7010,3.3040,1.1056,600,4.6353,7.8700,1.7500,1.1269,600,98.7171,6.5021,600,279.8573,8.0063,600,25.6144,25.6464,25.5787,0.0128,600,25.7809,25.8158,25.7481,0.0138,600,5.6978,5.7018,5.6917,0.0014,600,4.4294,4.7938,4.0083,0.1262,600,2.0179,2.0185,2.0173,0.0002,2.0209,2.0215,2.0203,0.0002,8.6050,12.0000,5.0000,1.4233,600,7.5167,11.0000,4.0000,1.4340,600,5.7717,10.0000,2.0000,1.4730,600,10.6950,15.0000,6.0000,1.8113,600,280.7917,347,208,18.5362,600,12.16,12.21,12.16,90.3300,96,88,32.0,3757933
2017-12-01 05:30:00,8.5839,10.9640,5.6720,0.9689,600,8.6546,11.4050,5.8046,1.0171,600,7.8272,11.0140,4.8460,1.2001,600,6.0608,9.4000,2.5150,1.2389,600,99.1925,4.9482,600,280.5567,6.8910,600,25.6746,25.7311,25.5956,0.0387,600,25.8635,25.9344,25.7650,0.0452,600,5.6994,5.7036,5.6941,0.0018,600,4.4416,4.8061,4.0645,0.1087,600,2.0190,2.0200,2.0176,0.0007,2.0224,2.0237,2.0206,0.0008,10.8517,14.0000,7.0000,1.2816,600,9.8667,14.0000,6.0000,1.5566,600,7.6350,12.0000,3.0000,1.6195,600,13.5800,18.0000,9.0000,1.6344,600,282.1467,331,228,14.0964,600,12.16,12.21,12.16,90.1833,96,88,32.0,3757987
2017-12-01 05:40:00,8.7288,10.9640,5.6720,1.0415,600,8.7946,10.7827,5.1823,1.0901,600,7.5214,10.2430,4.8460,1.0176,600,5.8976,9.4000,3.2800,1.2050,600,96.3594,4.8463,600,276.6389,8.0015,600,25.8026,25.8836,25.6972,0.0592,600,26.0510,26.1884,25.9005,0.0915,600,5.7062,5.7112,5.6981,0.0026,600,4.3849,4.8076,3.8258,0.1262,600,2.0213,2.0228,2.0194,0.0011,2.0258,2.0283,2.0231,0.0016,11.0433,14.0000,7.0000,1.3777,600,9.4700,13.0000,6.0000,1.3198,600,7.4217,12.0000,4.0000,1.5752,600,13.8050,17.0000,8.0000,1.7518,600,274.0800,317,208,13.8089,600,12.20,12.21,12.16,90.1567,94,88,32.0,3758042
2017-12-01 05:50:00,7.8744,10.2080,4.9160,1.0214,599,7.9020,10.1605,4.5600,1.0795,599,6.9466,9.4720,4.0750,1.1702,599,5.2493,8.6350,2.5150,1.1246,599,95.7277,5.8286,599,275.4407,8.8880,599,25.8336,25.8836,25.7819,0.0239,599,26.1335,26.1884,26.0868,0.0251,599,5.7027,5.7085,5.6951,0.0024,599,4.3634,4.9275,3.9146,0.1405,599,2.0219,2.0228,2.0209,0.0004,2.0273,2.0283,2.0264,0.0005,9.9132,13.0000,6.0000,1.3510,599,8.7245,12.0000,5.0000,1.5178,599,6.5743,11.0000,3.0000,1.4701,599,12.3706,16.0000,7.0000,1.7348,599,272.2821,333,214,16.6094,599,12.18,12.21,12.16,90.1336,96,88,32.1,3758097
2017-12-01 06:00:00,8.3230,10.2080,5.6720,0.8867,600,8.3714,10.1605,5.1823,0.9498,600,7.6242,10.2430,4.0750,0.9728,600,5.8759,8.6350,2.5150,1.0932,600,96.3457,5.4330,600,275.6685,7.4568,600,25.8117,25.8497,25.7819,0.0163,600,26.0960,26.1207,26.0699,0.0135,600,5.7045,5.7143,5.6966,0.0036,600,4.3681,4.7798,3.8505,0.1180,600,2.0215,2.0222,2.0209,0.0003,2.0266,2.0270,2.0261,0.0002,10.5067,13.0000,7.0000,1.1729,600,9.6033,13.0000,5.0000,1.2617,600,7.3933,11.0000,3.0000,1.4290,600,13.1250,16.0000,8.0000,1.5264,600,274.0317,316,208,15.4843,600,12.18,12.21,12.16,91.9200,98,90,33.0,3758151
2017-12-01 06:10:00,8.2096,10.2080,5.6720,0.8029,600,8.2988,10.7827,5.8046,0.8321,600,7.3672,9.4720,4.0750,0.9077,600,5.7242,8.6350,3.2800,1.0100,600,99.4431,5.6881,600,279.9814,7.7231,600,25.8388,25.8666,25.7989,0.0137,600,26.1421,26.1715,26.0868,0.0197,600,5.7087,5.7210,5.6948,0.0070,600,4.4398,4.8534,4.0809,0.1208,600,2.0220,2.0225,2.0212,0.0002,2.0274,2.0280,2.0264,0.0004,10.3567,13.0000,7.0000,1.0621,600,9.2700,12.0000,5.0000,1.1773,600,7.1950,11.0000,4.0000,1.3203,600,13.0083,17.0000,9.0000,1.3371,600,282.8600,344,228,16.2068,600,12.19,12.26,12.16,91.9933,98,90,33.0,3758205
2017-12-01 06:20:00,8.3419,10.2080,4.9160,0.9376,600,8.4233,10.1605,5.1823,0.9651,600,7.5779,10.2430,4.8460,1.0280,600,5.9384,8.6350,3.2800,1.0772,600,97.9443,4.4523,600,278.0513,7.7183,600,25.9133,25.9852,25.8158,0.0406,600,26.2596,26.3748,26.1376,0.0714,600,5.7292,5.7750,5.6975,0.0173,600,4.4251,4.9998,3.9106,0.1232,600,2.0233,2.0246,2.0215,0.0007,2.0295,2.0316,2.0273,0.0013,10.5317,13.0000,6.0000,1.2403,600,9.5433,13.0000,6.0000,1.3333,600,7.4750,11.0000,4.0000,1.4081,600,13.2083,16.0000,8.0000,1.5510,600,278.5850,317,202,12.6957,600,12.24,12.36,12.16,92.1033,98,90,33.3,3758259
2017-12-01 06:30:00,8.0320,12.4760,4.9160,1.4047,600,8.0686,12.6495,4.5600,1.4540,600,7.3081,12.5560,4.0750,1.4483,600,5.9881,9.4000,2.5150,1.2476,600,104.6076,9.0845,600,285.2985,12.7661,600,26.2113,26.3917,25.9682,0.1215,600,26.7637,27.0184,26.3748,0.1913,600,5.8362,5.8809,5.7747,0.0296,600,4.6258,5.1973,4.0745,0.2225,600,2.0287,2.0319,2.0243,0.0022,2.0386,2.0432,2.0316,0.0034,10.1217,16.0000,6.0000,1.8581,600,9.1933,16.0000,5.0000,1.8784,600,7.5400,12.0000,3.0000,1.6308,600,12.6383,20.0000,7.0000,2.3367,600,297.5717,374,219,25.8981,600,12.48,12.61,12.36,89.9967,96,88,34.0,3758313
2017-12-01 06:40:00,8.4541,10.9640,4.9160,1.3381,600,8.4637,11.4050,4.5600,1.4954,600,7.9082,10.2430,4.8460,1.2619,600,6.5325,9.4000,2.5150,1.4711,600,96.7708,5.8664,600,276.5517,8.7042,600,26.1058,26.2562,26.0360,0.0416,600,26.6141,26.8490,26.5103,0.0791,600,5.7968,5.8562,5.7595,0.0293,600,4.4528,4.8601,3.7831,0.1364,600,2.0268,2.0295,2.0255,0.0007,2.0359,2.0402,2.0341,0.0014,10.6800,14.0000,6.0000,1.7700,600,9.9717,13.0000,6.0000,1.6367,600,8.2517,12.0000,3.0000,1.9230,600,13.2733,18.0000,7.0000,2.4031,600,275.2550,332,216,16.7184,600,12.39,12.56,12.31,90.7867,96,88,34.5,3758367
2017-12-01 06:50:00,8.6292,10.9640,4.9160,1.1460,600,8.6255,11.4050,4.5600,1.2376,600,8.0572,11.0140,4.8460,1.3390,600,6.4012,10.1650,3.2800,1.3532,600,95.8502,7.2521,600,274.8366,9.8337,600,26.1845,26.5272,26.0868,0.1213,600,26.7232,27.1878,26.5780,0.1633,600,5.8169,5.8779,5.7857,0.0277,600,4.4414,5.0307,3.9872,0.1660,600,2.0282,2.0344,2.0264,0.0022,2.0379,2.0463,2.0353,0.0029,10.9117,14.0000,6.0000,1.5158,600,10.1650,14.0000,6.0000,1.7367,600,8.0800,13.0000,4.0000,1.7688,600,13.5333,18.0000,7.0000,1.9888,600,272.6633,352,216,20.6763,600,12.44,12.56,12.36,89.9667,96,88,35.0,3758421
2017-12-01 07:00:00,9.1395,11.7200,4.9160,1.3455,600,9.1918,12.0273,3.9378,1.4973,600,8.6188,11.7850,4.8460,1.3993,600,7.1930,10.9300,3.2800,1.4510,600,100.4087,6.8413,600,280.7288,10.0472,600,26.4022,26.6627,26.2223,0.1196,600,27.0818,27.4080,26.9168,0.1395,600,5.8983,5.9471,5.8434,0.0322,600,4.5998,5.1976,4.1487,0.1687,600,2.0321,2.0368,2.0289,0.0022,2.0444,2.0502,2.0414,0.0025,11.5867,15.0000,6.0000,1.7798,600,10.8933,15.0000,6.0000,1.8150,600,9.1150,14.0000,4.0000,1.8968,600,14.4433,19.0000,6.0000,2.4062,600,285.6133,353,198,19.5016,600,12.62,12.71,12.51,88.8033,94,86,35.0,3758475
2017-12-01 07:10:00,8.4755,11.7200,4.9160,1.1180,600,8.5011,11.4050,5.1823,1.1577,600,8.2949,11.0140,4.0750,1.3917,600,6.8666,10.1650,3.2800,1.5581,600,98.3134,8.4305,600,278.5358,10.2491,600,26.6249,26.7643,26.5103,0.0672,600,27.2828,27.5604,27.0692,0.1555,600,5.9309,5.9630,5.8907,0.0201,600,4.5889,5.1094,4.0019,0.1711,600,2.0361,2.0386,2.0341,0.0012,2.0480,2.0530,2.0441,0.0028,10.7083,15.0000,6.0000,1.4788,600,10.4733,14.0000,5.0000,1.8050,600,8.6883,13.0000,4.0000,2.0367,600,13.3333,18.0000,8.0000,1.8605,600,279.6500,365,213,24.0378,600,12.70,12.81,12.61,88.2367,94,86,35.9,3758529
2017-12-01 07:20:00,9.3096,12.4760,6.4280,0.9767,600,9.3764,12.0273,7.0491,0.9995,600,9.0184,11.7850,6.3880,0.9899,600,7.2937,10.9300,3.2800,1.3666,600,98.8175,7.6326,600,279.4443,11.1454,600,26.3547,26.5949,26.2393,0.0866,600,26.9715,27.2216,26.8659,0.0755,600,5.8956,5.9319,5.8782,0.0114,600,4.5766,5.2828,4.0153,0.1843,600,2.0313,2.0356,2.0292,0.0016,2.0424,2.0469,2.0405,0.0014,11.8117,16.0000,8.0000,1.2919,600,11.4117,15.0000,8.0000,1.2839,600,9.2467,14.0000,4.0000,1.7864,600,14.7400,19.0000,11.0000,1.6062,600,281.0733,346,211,21.7466,600,12.62,12.71,12.56,89.5167,94,88,36.9,3758584
2017-12-01 07:30:00,9.6171,12.4760,5.6720,1.3259,600,9.7518,12.6495,6.4268,1.4113,600,9.0287,12.5560,4.8460,1.4293,600,7.3574,10.9300,4.0450,1.3483,600,101.0116,9.5130,600,281.6932,12.1724,600,26.5010,26.6458,26.2901,0.0903,600,27.2876,27.5265,26.9168,0.1918,600,5.9820,6.0298,5.8956,0.0347,600,4.6811,5.5416,4.0580,0.2161,600,2.0339,2.0365,2.0301,0.0016,2.0481,2.0524,2.0414,0.0035,12.2183,16.0000,7.0000,1.7538,600,11.4250,16.0000,6.0000,1.8539,600,9.3300,14.0000,5.0000,1.7625,600,15.3433,20.0000,10.0000,2.2680,600,287.2317,369,206,27.1282,600,12.81,12.91,12.61,91.4367,104,86,37.0,3758638
2017-12-01 07:40:00,8.9190,10.9640,6.4280,0.8957,600,9.0020,11.4050,5.8046,1.0066,600,8.7755,11.0140,5.6170,1.0535,600,7.6966,10.9300,3.2800,1.2342,600,100.4444,6.2312,600,281.7310,7.8898,600,26.4919,26.5949,26.3578,0.0543,600,27.0735,27.3741,26.7982,0.1484,600,5.9414,6.0106,5.9130,0.0234,600,4.6499,5.1247,4.2650,0.1348,600,2.0337,2.0356,2.0313,0.0010,2.0442,2.0496,2.0392,0.0027,11.2950,14.0000,8.0000,1.1848,600,11.0967,14.0000,7.0000,1.3664,600,9.7733,14.0000,4.0000,1.6134,600,14.1383,18.0000,9.0000,1.6177,600,285.7167,381,216,17.7785,600,12.72,12.91,12.66,88.5900,94,86,37.0,3758692
2017-12-01 07:50:00,8.7237,11.7200,4.9160,1.2095,600,8.7469,12.0273,4.5600,1.3374,600,8.4825,11.0140,4.8460,1.2192,600,7.3562,10.9300,3.2800,1.3387,600,104.9613,7.3958,600,284.9243,9.4932,600,26.6655,26.9845,26.3409,0.1681,600,27.3315,27.5773,26.8151,0.2316,600,6.0374,6.0616,5.9795,0.0201,600,4.7784,5.4210,4.2164,0.1642,600,2.0369,2.0426,2.0310,0.0030,2.0489,2.0533,2.0396,0.0042,11.0367,15.0000,6.0000,1.5999,600,10.7167,14.0000,6.0000,1.5813,600,9.3283,14.0000,4.0000,1.7499,600,13.7283,19.0000,7.0000,2.1492,600,298.5700,384,221,21.0956,600,12.93,13.01,12.81,87.2667,92,86,37.0,3758746
2017-12-01 08:00:00,9.2189,12.4760,5.6720,1.4639,600,9.1959,12.6495,5.8046,1.5972,600,8.9439,12.5560,4.8460,1.5067,600,7.5512,12.4600,3.2800,1.8182,600,100.5949,8.3111,600,280.7171,11.0873,600,26.7865,27.0353,26.5780,0.1111,600,27.5101,27.7975,27.2725,0.1171,600,6.0110,6.0710,5.9490,0.0424,600,4.6866,5.2998,3.7870,0.1711,600,2.0390,2.0435,2.0353,0.0020,2.0521,2.0573,2.0478,0.0021,11.6917,16.0000,7.0000,1.9364,600,11.3150,16.0000,6.0000,1.9542,600,9.5833,16.0000,4.0000,2.3768,600,14.4500,20.0000,9.0000,2.5668,600,286.1417,354,224,23.6852,600,12.87,13.01,12.76,90.9667,104,86,37.8,3758800
2017-12-01 08:10:00,10.0278,13.2320,6.4280,1.3210,600,9.9956,13.2718,5.1823,1.5442,600,9.4733,13.3270,5.6170,1.4939,600,7.9848,13.2250,4.0450,1.5946,600,100.0008,7.8947,600,280.3932,9.6847,600,26.7490,27.1878,26.4764,0.2327,600,27.6005,28.1871,27.2555,0.2853,600,6.0497,6.0582,6.0317,0.0025,600,4.7122,5.4128,4.1227,0.1629,600,2.0384,2.0463,2.0334,0.0042,2.0537,2.0643,2.0475,0.0051,12.7617,17.0000,8.0000,1.7474,600,12.0017,17.0000,7.0000,1.9377,600,10.1500,17.0000,5.0000,2.0844,600,15.7350,21.0000,8.0000,2.4816,600,284.4700,377,207,22.5218,600,12.96,13.01,12.91,87.3400,98,86,38.0,3758854
2017-12-01 08:20:00,10.4726,13.9880,7.1840,1.0135,600,10.6209,13.8941,7.0491,1.0905,600,9.8729,12.5560,6.3880,1.2473,600,8.2079,11.6950,4.0450,1.6657,600,100.6471,5.2243,600,280.2373,8.7102,600,26.6914,27.0861,26.4425,0.1469,600,27.6274,28.2210,27.3233,0.2888,600,6.0203,6.0659,5.9926,0.0186,600,4.6864,5.2080,4.1957,0.1451,600,2.0373,2.0444,2.0328,0.0026,2.0542,2.0649,2.0487,0.0052,13.3500,18.0000,9.0000,1.3406,600,12.5200,16.0000,8.0000,1.6178,600,10.4417,15.0000,5.0000,2.1774,600,16.7400,22.0000,11.0000,1.7524,600,286.2800,354,230,14.8884,600,12.90,13.01,12.81,87.5200,92,86,38.9,3758908
2017-12-01 08:30:00,10.2861,12.4760,6.4280,1.1246,600,10.4031,13.2718,5.8046,1.2607,600,10.1505,13.3270,5.6170,1.3311,600,8.7026,12.4600,4.8100,1.4781,600,98.7993,9.0129,600,281.0266,9.7397,600,26.6546,27.0861,26.4086,0.1748,600,27.4485,27.7637,27.2386,0.1412,600,6.0475,6.1196,6.0091,0.0276,600,4.7212,5.3011,3.9982,0.1678,600,2.0367,2.0444,2.0322,0.0032,2.0510,2.0566,2.0472,0.0025,13.1033,16.0000,8.0000,1.4876,600,12.8800,17.0000,7.0000,1.7264,600,11.0883,16.0000,6.0000,1.9322,600,16.3900,21.0000,9.0000,2.0260,600,281.0117,417,164,25.7640,600,12.96,13.11,12.86,87.0500,92,84,39.0,3758962
2017-12-01 08:40:00,9.2013,12.4760,5.6720,1.1652,600,9.2478,12.0273,4.5600,1.2752,600,8.7588,11.7850,4.0750,1.3101,600,7.9261,11.6950,4.8100,1.2966,600,94.8188,7.4228,600,274.2440,7.7371,600,26.6612,26.8829,26.5272,0.0726,600,27.3848,27.6281,27.2386,0.1087,600,6.0259,6.0457,6.0039,0.0121,600,4.5905,5.0789,4.2088,0.1292,600,2.0368,2.0408,2.0344,0.0013,2.0498,2.0542,2.0472,0.0020,11.6683,16.0000,7.0000,1.5413,600,11.0750,15.0000,5.0000,1.6993,600,10.0733,15.0000,6.0000,1.6949,600,14.5333,19.0000,7.0000,2.0492,600,269.6883,334,191,21.1643,600,12.91,13.01,12.86,87.1867,92,86,39.0,3759016
2017-12-01 08:50:00,10.5293,12.4760,7.1840,1.0469,600,10.6438,13.2718,7.6714,1.1461,600,10.1826,13.3270,5.6170,1.3794,600,8.7242,12.4600,3.2800,1.6331,600,100.8763,6.9348,600,282.8336,9.1896,600,26.6589,26.8659,26.5441,0.0888,600,27.3816,27.5943,27.2047,0.1062,600,6.0276,6.0341,6.0213,0.0019,600,4.7355,5.3041,4.2027,0.1538,600,2.0367,2.0405,2.0347,0.0016,2.0498,2.0536,2.0466,0.0019,13.4250,16.0000,9.0000,1.3848,600,12.9217,17.0000,7.0000,1.7891,600,11.1167,16.0000,4.0000,2.1348,600,16.7767,21.0000,12.0000,1.8419,600,286.9250,343,219,19.7677,600,12.91,12.96,12.91,87.3767,92,86,39.0,3759072
2017-12-01 09:00:00,9.6838,12.4760,6.4280,1.1548,600,9.8089,12.6495,6.4268,1.2465,600,9.3525,11.7850,6.3880,1.2039,600,8.1990,11.6950,4.8100,1.3814,600,99.4596,5.9488,600,280.2716,7.5176,600,26.7248,27.1708,26.5103,0.1633,600,27.5363,27.8992,27.3571,0.1126,600,6.0679,6.1687,6.0295,0.0314,600,4.7241,5.1357,4.2415,0.1301,600,2.0379,2.0460,2.0341,0.0029,2.0525,2.0591,2.0493,0.0020,12.3067,16.0000,8.0000,1.5275,600,11.8450,15.0000,8.0000,1.5615,600,10.4300,15.0000,6.0000,1.8057,600,15.4350,20.0000,10.0000,2.0031,600,282.9000,345,215,16.9568,600,13.01,13.21,12.91,86.9267,92,86,38.0,3759126
2017-12-01 09:10:00,10.4020,13.9880,7.1840,1.0367,600,10.5286,13.8941,7.0491,1.1056,600,9.9693,12.5560,7.1590,1.1425,600,8.7931,12.4600,4.8100,1.3518,600,96.2858,7.3606,600,276.1162,9.7856,600,26.9319,27.1370,26.6458,0.1325,600,27.8178,28.0008,27.4926,0.1227,600,6.0702,6.1495,6.0396,0.0251,600,4.6554,5.2956,4.0599,0.1608,600,2.0417,2.0454,2.0365,0.0024,2.0576,2.0609,2.0518,0.0022,13.2567,18.0000,9.0000,1.3713,600,12.6450,16.0000,9.0000,1.4819,600,11.2067,16.0000,6.0000,1.7671,600,16.5917,22.0000,11.0000,1.7768,600,273.8700,335,212,20.9709,600,13.01,13.21,12.91,86.7033,92,84,38.2,3759180
2017-12-01 09:20:00,9.8640,12.4760,5.6720,1.0323,600,10.0049,13.2718,6.4268,1.1434,600,9.5478,12.5560,5.6170,1.2590,600,8.3507,11.6950,4.8100,1.2865,600,102.5578,7.1167,600,285.8506,9.2300,600,26.8609,27.1539,26.6796,0.0892,600,27.7394,28.0855,27.5096,0.1528,600,6.1045,6.1852,6.0421,0.0490,600,4.8468,5.4134,4.2567,0.1516,600,2.0404,2.0457,2.0371,0.0016,2.0562,2.0624,2.0521,0.0028,12.5450,16.0000,7.0000,1.3654,600,12.0983,16.0000,7.0000,1.6329,600,10.6283,15.0000,6.0000,1.6817,600,15.7500,21.0000,10.0000,1.8375,600,291.7083,371,208,20.3074,600,13.09,13.31,12.96,86.0733,92,84,39.0,3759234
2017-12-01 09:30:00,9.3638,13.2320,4.9160,1.3779,600,9.2623,13.8941,5.1823,1.6521,600,9.0004,13.3270,4.8460,1.5740,600,7.7642,12.4600,4.0450,1.8991,600,103.5063,9.3653,600,285.8550,11.9264,600,27.2410,27.5604,26.9168,0.1699,600,28.2616,28.7630,27.8145,0.2798,600,6.1001,6.2441,6.0466,0.0429,600,4.8426,5.5766,3.8627,0.2005,600,2.0472,2.0530,2.0414,0.0031,2.0656,2.0746,2.0576,0.0050,11.8833,17.0000,6.0000,1.8226,600,11.3883,17.0000,6.0000,2.0415,600,9.8617,16.0000,5.0000,2.4825,600,14.5567,22.0000,8.0000,2.6549,600,294.3417,365,193,26.7261,600,13.08,13.41,12.96,86.2700,94,84,39.0,3759289
2017-12-01 09:40:00,9.4709,11.7200,5.6720,1.2171,600,9.4977,12.0273,5.1823,1.3574,600,9.1803,11.7850,4.8460,1.4120,600,7.9580,11.6950,4.0450,1.6625,600,97.4362,9.3881,600,278.1228,10.9633,600,26.9911,27.1878,26.8321,0.0867,600,28.0173,28.3395,27.6620,0.1640,600,6.1630,6.4644,6.0524,0.0923,600,4.7612,5.3578,4.0272,0.2143,600,2.0427,2.0463,2.0399,0.0016,2.0612,2.0670,2.0548,0.0030,12.0250,15.0000,7.0000,1.6100,600,11.6217,15.0000,6.0000,1.8314,600,10.1150,15.0000,5.0000,2.1732,600,14.9350,19.0000,8.0000,2.1814,600,277.0600,381,158,26.7958,600,13.22,13.91,13.01,89.1167,96,80,39.5,3759343
2017-12-01 09:50:00,9.2126,13.2320,4.9160,1.3869,600,9.1970,13.2718,4.5600,1.5554,600,8.7653,12.5560,4.0750,1.3680,600,7.4786,11.6950,3.2800,1.5490,600,98.3516,9.7150,600,279.6696,12.2617,600,27.0820,27.4588,26.7813,0.1822,600,28.1382,28.8307,27.8145,0.3050,600,6.1595,6.4492,6.0457,0.1059,600,4.7857,5.5901,4.1612,0.2316,600,2.0444,2.0511,2.0389,0.0033,2.0634,2.0759,2.0576,0.0055,11.6833,17.0000,6.0000,1.8345,600,11.0833,16.0000,5.0000,1.7743,600,9.4883,15.0000,4.0000,2.0249,600,14.4517,21.0000,7.0000,2.4996,600,279.7717,390,183,27.7110,600,13.21,13.86,12.96,89.0100,96,82,40.0,3759397
2017-12-01 10:00:00,9.8817,12.4760,6.4280,1.0821,600,10.0028,12.6495,6.4268,1.2021,600,9.6917,12.5560,5.6170,1.1678,600,8.9652,12.4600,5.5750,1.3073,600,100.1098,8.6590,600,280.3954,11.8577,600,27.0453,27.4588,26.6288,0.2368,600,27.9571,28.5597,27.2725,0.3456,600,6.2364,6.4681,6.0311,0.1510,600,4.8591,5.5748,4.1835,0.2676,600,2.0437,2.0511,2.0362,0.0043,2.0601,2.0710,2.0478,0.0062,12.5683,16.0000,8.0000,1.4313,600,12.2850,16.0000,7.0000,1.5147,600,11.4317,16.0000,7.0000,1.7089,600,15.7467,20.0000,10.0000,1.9318,600,284.7533,384,204,24.6967,600,13.39,13.91,12.91,87.6367,96,80,40.0,3759451
2017-12-01 10:10:00,9.4583,13.2320,6.4280,1.2344,600,9.4811,12.6495,6.4268,1.3019,600,9.1173,12.5560,5.6170,1.2510,600,7.5500,11.6950,4.0450,1.3430,600,105.0516,7.1791,600,286.6460,9.0493,600,26.8468,27.1878,26.6288,0.1280,600,27.8853,28.4750,27.3063,0.3178,600,6.1855,6.4821,6.0268,0.1337,600,4.9250,5.4720,4.3428,0.1919,600,2.0401,2.0463,2.0362,0.0023,2.0588,2.0695,2.0484,0.0057,12.0083,17.0000,8.0000,1.6328,600,11.5400,16.0000,7.0000,1.6226,600,9.5817,15.0000,5.0000,1.7555,600,14.9083,20.0000,10.0000,2.0922,600,298.7750,379,221,20.4783,600,13.27,13.96,12.91,89.0867,96,82,40.0,3759505
2017-12-01 10:20:00,8.7640,12.4760,4.9160,1.5224,600,8.6432,12.0273,3.9378,1.7739,600,8.3798,12.5560,4.0750,1.8069,600,7.1394,11.6950,2.5150,1.9140,600,100.8898,9.7438,600,281.4821,12.8249,600,27.3714,27.7806,27.0692,0.2081,600,28.4280,28.9324,27.9669,0.2824,600,6.2181,6.4943,6.0512,0.1260,600,4.8623,5.6496,4.0507,0.2426,600,2.0496,2.0569,2.0441,0.0038,2.0686,2.0777,2.0603,0.0051,11.0900,16.0000,6.0000,2.0138,600,10.5833,16.0000,5.0000,2.3435,600,9.0450,15.0000,3.0000,2.5020,600,13.5617,19.0000,6.0000,2.8507,600,287.0317,390,204,27.8146,600,13.34,13.96,12.96,88.5367,96,82,40.0,3759559
2017-12-01 10:30:00,9.5163,12.4760,6.4280,1.0533,600,9.6222,12.6495,5.8046,1.0691,600,9.3461,12.5560,5.6170,1.1350,600,8.0192,12.4600,4.0450,1.5920,600,92.0096,8.6820,600,272.7127,10.8923,600,27.0630,27.4926,26.7982,0.2035,600,28.0843,28.7460,27.7128,0.2977,600,6.1496,6.4888,6.0485,0.1154,600,4.6591,5.2135,4.1810,0.2009,600,2.0440,2.0518,2.0392,0.0037,2.0624,2.0743,2.0557,0.0054,12.0850,16.0000,8.0000,1.3932,600,11.8367,16.0000,7.0000,1.4721,600,10.1950,16.0000,5.0000,2.0811,600,15.1350,20.0000,9.0000,1.7180,600,261.7617,346,202,24.7476,600,13.19,13.96,12.96,89.3100,96,80,40.0,3759613
2017-12-01 10:40:00,8.9480,11.7200,5.6720,1.2514,600,8.9045,11.4050,5.8046,1.3350,600,8.6226,11.7850,4.0750,1.5455,600,7.4977,10.9300,3.2800,1.6151,600,88.4983,10.3725,600,267.6011,12.5071,600,26.9927,27.3571,26.7474,0.1621,600,27.8718,28.5597,27.5096,0.2789,600,6.1470,6.4916,6.0192,0.1240,600,4.5704,5.4997,3.9900,0.2294,600,2.0428,2.0493,2.0383,0.0029,2.0586,2.0710,2.0521,0.0050,11.3333,15.0000,7.0000,1.6553,600,10.8983,15.0000,5.0000,2.0045,600,9.5133,14.0000,4.0000,2.1112,600,13.9817,18.0000,9.0000,2.1453,600,251.8017,353,170,29.5802,600,13.18,13.96,12.91,89.1767,94,82,40.0,3759667
2017-12-01 10:50:00,8.5776,11.7200,4.9160,1.2330,600,8.5768,12.0273,4.5600,1.3432,600,8.4479,11.0140,4.8460,1.4554,600,7.2057,11.6950,2.5150,1.6892,600,95.5305,10.6067,600,276.0912,13.9324,600,27.2199,27.5773,27.0353,0.1387,600,28.1624,28.6614,27.9330,0.2098,600,6.1381,6.4830,6.0164,0.1299,600,4.7079,5.4115,3.9235,0.2753,600,2.0468,2.0533,2.0435,0.0025,2.0638,2.0728,2.0597,0.0038,10.8433,15.0000,6.0000,1.6309,600,10.6717,14.0000,6.0000,1.8876,600,9.1317,15.0000,3.0000,2.2081,600,13.4550,19.0000,7.0000,2.1585,600,271.6750,355,167,30.2540,600,13.17,13.91,12.86,89.5700,96,84,40.0,3759721
2017-12-01 11:00:00,8.4490,11.7200,5.6720,0.9470,600,8.4824,11.4050,5.1823,0.9961,600,8.0662,11.0140,4.8460,1.1460,600,6.9252,10.1650,3.2800,1.2313,600,94.6994,11.6319,600,275.5860,12.2598,600,27.3571,27.6112,27.1370,0.1199,600,28.3378,28.5767,28.1532,0.1022,600,6.0506,6.4052,6.0115,0.0522,600,4.6317,5.2803,3.8945,0.2026,600,2.0493,2.0539,2.0454,0.0022,2.0670,2.0713,2.0637,0.0018,10.6733,15.0000,7.0000,1.2527,600,10.1767,14.0000,6.0000,1.4863,600,8.7650,13.0000,4.0000,1.6096,600,13.3033,18.0000,8.0000,1.6007,600,269.3183,348,169,33.1440,600,12.97,13.76,12.86,91.5100,96,86,39.0,3759776
2017-12-01 11:10:00,8.7628,12.4760,5.6720,1.2871,600,8.7344,12.6495,5.1823,1.4224,600,8.4813,12.5560,4.0750,1.5174,600,7.1611,12.4600,3.2800,1.5206,600,97.8812,11.5257,600,279.8063,16.2733,600,27.3068,27.7128,27.0015,0.2313,600,28.4580,29.0679,27.9669,0.3789,600,6.0506,6.1284,6.0085,0.0259,600,4.7034,5.6749,3.8533,0.2829,600,2.0484,2.0557,2.0429,0.0042,2.0692,2.0801,2.0603,0.0068,11.0883,16.0000,7.0000,1.7026,600,10.7150,16.0000,5.0000,1.9681,600,9.0733,16.0000,4.0000,1.9878,600,13.7083,20.0000,8.0000,2.2859,600,278.3683,377,180,32.8774,600,12.97,13.16,12.86,91.1600,96,86,39.0,3759830
2017-12-01 11:20:00,9.2214,12.4760,4.1600,1.3511,600,9.2188,12.6495,3.9378,1.4773,600,8.8102,12.5560,4.8460,1.3793,600,7.8024,12.4600,4.0450,1.5460,600,94.1177,11.5806,600,274.7653,15.8361,600,27.3798,27.8145,27.1031,0.2185,600,28.5624,29.1864,28.1363,0.3650,600,6.0313,6.0799,5.9938,0.0232,600,4.6035,5.5428,3.6790,0.2680,600,2.0497,2.0576,2.0447,0.0039,2.0710,2.0823,2.0634,0.0066,11.6950,16.0000,5.0000,1.7872,600,11.1417,16.0000,6.0000,1.7889,600,9.9117,16.0000,5.0000,2.0209,600,14.4867,20.0000,6.0000,2.3740,600,267.7367,369,173,33.0228,600,12.93,13.06,12.86,91.2633,96,88,39.0,3759884
2017-12-01 11:30:00,9.2189,12.4760,4.1600,1.3779,600,9.2665,12.6495,4.5600,1.5191,600,8.9850,12.5560,4.0750,1.5794,600,7.6966,10.9300,4.0450,1.3870,600,89.9883,8.4798,600,268.6915,11.0224,600,27.1929,27.5773,26.9506,0.1734,600,28.3597,28.7460,28.0177,0.1819,600,6.0095,6.0360,5.9877,0.0145,600,4.4846,4.9257,3.6497,0.1874,600,2.0464,2.0533,2.0420,0.0031,2.0674,2.0743,2.0612,0.0033,11.6917,16.0000,5.0000,1.8227,600,11.3683,16.0000,5.0000,2.0485,600,9.7733,14.0000,5.0000,1.8131,600,14.5633,20.0000,7.0000,2.4412,600,255.9467,317,151,24.1749,600,12.88,12.96,12.81,92.0733,98,88,39.0,3759938
2017-12-01 11:40:00,8.8787,12.4760,4.9160,1.2929,600,8.9885,12.6495,4.5600,1.3245,600,8.9336,11.7850,5.6170,1.2875,600,8.0613,11.6950,4.0450,1.3868,600,96.3882,9.0268,600,277.6739,10.3259,600,27.2087,27.6281,26.9168,0.2044,600,28.0944,28.5428,27.7975,0.1561,600,6.0863,6.1495,6.0240,0.0314,600,4.6937,5.1854,4.0907,0.1676,600,2.0466,2.0542,2.0414,0.0037,2.0626,2.0707,2.0573,0.0028,11.2417,16.0000,6.0000,1.7102,600,11.3017,15.0000,7.0000,1.6699,600,10.2500,15.0000,5.0000,1.8128,600,14.1167,20.0000,7.0000,2.1285,600,274.1267,354,202,25.7353,600,13.05,13.21,12.91,91.0000,96,88,39.0,3759992
2017-12-01 11:50:00,10.1234,13.2320,6.4280,1.1407,599,10.1418,13.2718,5.8046,1.3029,599,9.7346,14.0980,6.3880,1.3810,599,8.4281,12.4600,4.0450,1.8455,599,85.0655,9.9125,599,264.6514,11.2731,599,27.4257,27.7806,27.1539,0.1789,599,28.5939,29.1187,27.9669,0.2920,599,6.1804,6.4657,6.0411,0.1000,599,4.5433,5.1268,3.7126,0.1928,599,2.0506,2.0569,2.0457,0.0032,2.0716,2.0811,2.0603,0.0053,12.8881,17.0000,8.0000,1.5089,599,12.3406,18.0000,8.0000,1.7912,599,10.7295,16.0000,5.0000,2.4124,599,15.9699,21.0000,9.0000,2.0937,599,242.0100,317,117,28.2862,599,13.26,13.91,12.96,89.3389,96,84,39.0,3760048
2017-12-01 12:00:00,8.9581,11.7200,4.9160,1.2090,600,9.0590,11.4050,5.1823,1.2900,600,8.6496,11.7850,5.6170,1.2287,600,7.6010,10.9300,4.0450,1.3749,600,91.3253,12.0286,600,270.0322,14.3885,600,27.2608,27.6281,26.9845,0.1802,600,28.2964,28.7799,28.0008,0.1945,600,6.2214,6.4928,6.0503,0.1301,600,4.6672,5.5065,4.0501,0.2642,600,2.0476,2.0542,2.0426,0.0032,2.0662,2.0750,2.0609,0.0035,11.3467,15.0000,6.0000,1.5992,600,10.9333,15.0000,7.0000,1.5937,600,9.6483,14.0000,5.0000,1.7972,600,14.2300,18.0000,8.0000,2.0731,600,259.8117,367,181,34.2993,600,13.35,13.96,12.96,88.5633,96,82,39.0,3760102
2017-12-01 12:10:00,9.3109,12.4760,4.9160,1.3518,600,9.3930,12.6495,4.5600,1.4417,600,9.1096,12.5560,5.6170,1.5191,600,7.9427,11.6950,4.0450,1.5533,600,94.3120,10.4811,600,273.5971,12.2416,600,27.1833,27.4588,27.0015,0.1148,600,28.2274,28.5259,28.0177,0.1253,600,6.2153,6.4931,6.0488,0.1299,600,4.7233,5.4723,3.8694,0.2321,600,2.0462,2.0511,2.0429,0.0021,2.0650,2.0704,2.0612,0.0023,11.8133,16.0000,6.0000,1.7881,600,11.5300,16.0000,7.0000,1.9703,600,10.0950,15.0000,5.0000,2.0305,600,14.7667,20.0000,7.0000,2.3169,600,268.2217,340,140,29.8970,600,13.34,13.96,12.96,88.1400,94,80,39.0,3760156
2017-12-01 12:20:00,9.3273,13.2320,6.4280,1.1054,600,9.3702,12.6495,5.1823,1.1630,600,9.3692,14.8690,5.6170,1.1494,600,8.0485,12.4600,4.0450,1.3969,600,82.4260,11.3565,600,262.1323,12.5305,600,27.2187,27.4926,26.9676,0.1599,600,28.2522,28.6444,27.7637,0.2512,600,6.2119,6.4922,6.0521,0.1273,600,4.5230,5.1686,3.9250,0.2356,600,2.0468,2.0518,2.0423,0.0029,2.0654,2.0725,2.0566,0.0045,11.8350,17.0000,8.0000,1.4622,600,11.8667,19.0000,7.0000,1.4908,600,10.2333,16.0000,5.0000,1.8260,600,14.7300,20.0000,8.0000,1.8689,600,234.4383,307,145,32.3408,600,13.33,13.96,12.96,88.7233,96,82,39.0,3760210
2017-12-01 12:30:00,9.3134,11.7200,6.4280,0.9480,600,9.3360,11.4050,5.8046,1.0395,600,9.1906,13.3270,4.8460,1.2083,600,7.7693,10.9300,4.0450,1.3468,600,85.3939,8.2823,600,266.0553,9.5918,600,27.2976,27.6790,27.0353,0.1639,600,28.3486,28.6105,28.0855,0.1242,600,6.2098,6.4925,6.0295,0.1332,600,4.5895,5.2873,3.8197,0.1974,600,2.0482,2.0551,2.0435,0.0030,2.0672,2.0719,2.0624,0.0022,11.8167,15.0000,8.0000,1.2539,600,11.6350,17.0000,6.0000,1.5671,600,9.8683,14.0000,5.0000,1.7605,600,14.6750,18.0000,9.0000,1.6705,600,242.9000,309,142,23.6380,600,13.33,13.96,12.91,89.6200,96,80,38.9,3760264
2017-12-01 12:40:00,8.9455,11.7200,6.4280,0.9342,600,8.9958,11.4050,5.1823,0.9531,600,8.7293,11.7850,5.6170,1.1976,600,7.7731,10.9300,4.0450,1.3453,600,84.2814,7.3402,600,263.8495,7.8646,600,27.1155,27.2894,26.9845,0.0799,600,28.0528,28.2040,27.8483,0.1041,600,6.2150,6.4901,6.0521,0.1292,600,4.5551,5.1976,3.7382,0.1646,600,2.0450,2.0481,2.0426,0.0014,2.0619,2.0646,2.0582,0.0019,11.3300,15.0000,8.0000,1.2357,600,11.0367,15.0000,7.0000,1.5533,600,9.8733,14.0000,5.0000,1.7585,600,14.1283,18.0000,8.0000,1.5316,600,239.7833,330,164,20.9462,600,13.34,13.96,12.96,89.3333,96,82,38.0,3760318
2017-12-01 12:50:00,8.9266,11.7200,6.4280,0.9803,600,8.9336,11.4050,5.8046,1.0229,600,8.5674,11.7850,5.6170,1.1523,600,7.6864,10.9300,4.0450,1.3829,600,80.2430,11.1439,600,260.5204,14.1595,600,27.1814,27.4249,27.0184,0.1006,600,28.1529,28.5767,27.7467,0.2307,600,6.2181,6.4959,6.0518,0.1285,600,4.5001,5.3182,3.8029,0.2600,600,2.0462,2.0505,2.0432,0.0018,2.0637,2.0713,2.0563,0.0042,11.3050,15.0000,8.0000,1.2967,600,10.8267,15.0000,7.0000,1.4945,600,9.7600,14.0000,5.0000,1.8077,600,14.0283,18.0000,9.0000,1.6438,600,228.3050,314,137,31.7576,600,13.35,13.96,12.96,88.7300,96,82,38.0,3760372
2017-12-01 13:00:00,8.8157,12.4760,5.6720,1.1689,600,8.8236,12.0273,4.5600,1.2382,600,8.7858,11.7850,4.8460,1.2907,600,8.0804,10.9300,4.0450,1.4261,600,82.3968,10.6011,600,262.3817,11.1921,600,27.2281,27.4588,27.0353,0.1134,600,28.1370,28.6105,27.7806,0.2405,600,6.2223,6.4919,6.0506,0.1279,600,4.5347,5.3807,3.7635,0.2127,600,2.0470,2.0511,2.0435,0.0020,2.0634,2.0719,2.0569,0.0043,11.1583,16.0000,7.0000,1.5462,600,11.1100,15.0000,6.0000,1.6741,600,10.2750,14.0000,5.0000,1.8642,600,13.8517,19.0000,7.0000,1.9899,600,234.2900,311,106,30.2415,600,13.35,13.96,12.96,88.4100,96,80,38.0,3760426
2017-12-01 13:10:00,9.0400,11.7200,6.4280,1.0968,600,9.1047,11.4050,5.1823,1.1559,600,8.7190,11.7850,4.0750,1.2787,600,7.5946,11.6950,4.0450,1.3299,600,83.0511,11.1915,600,264.9246,11.5492,600,26.9824,27.2216,26.7982,0.1098,600,27.9050,28.5089,27.6451,0.2348,600,6.2198,6.4876,6.0512,0.1273,600,4.5769,5.3215,3.8743,0.2211,600,2.0426,2.0469,2.0392,0.0020,2.0592,2.0701,2.0545,0.0042,11.4550,15.0000,8.0000,1.4508,600,11.0233,15.0000,5.0000,1.6585,600,9.6400,15.0000,5.0000,1.7384,600,14.3033,18.0000,8.0000,1.8575,600,236.2200,310,141,31.8846,600,13.35,13.96,12.96,88.7033,96,80,38.0,3760481
2017-12-01 13:20:00,8.8044,11.7200,5.6720,1.0178,600,8.8381,11.4050,5.1823,1.1477,600,8.6175,11.7850,4.8460,1.1634,600,7.5449,10.9300,4.0450,1.3093,600,80.5139,7.9290,600,260.6770,8.3517,600,27.1065,27.4926,26.7813,0.1969,600,28.2017,28.6952,27.7298,0.2715,600,6.2145,6.4931,6.0332,0.1278,600,4.5001,5.1463,3.9158,0.1732,600,2.0448,2.0518,2.0389,0.0035,2.0645,2.0734,2.0560,0.0049,11.1433,15.0000,7.0000,1.3463,600,10.8917,15.0000,6.0000,1.5090,600,9.5750,14.0000,5.0000,1.7115,600,13.8750,18.0000,8.0000,1.8444,600,229.0417,309,137,22.6045,600,13.34,13.96,12.91,88.3000,96,82,38.0,3760535
2017-12-01 13:30:00,8.3432,11.7200,4.9160,1.3743,600,8.3362,12.0273,3.9378,1.5491,600,8.2551,11.0140,4.0750,1.3833,600,7.2707,10.9300,2.5150,1.5280,600,77.2980,10.6677,600,254.8113,11.3592,600,27.2379,27.7637,26.7643,0.2675,600,28.2120,28.6952,27.6451,0.3171,600,6.2227,6.4867,6.0527,0.1248,600,4.4043,5.1823,3.7046,0.2115,600,2.0472,2.0566,2.0386,0.0048,2.0647,2.0734,2.0545,0.0057,10.5333,15.0000,6.0000,1.8178,600,10.4217,14.0000,5.0000,1.7942,600,9.2167,14.0000,3.0000,1.9974,600,13.0683,19.0000,6.0000,2.4894,600,219.9883,352,146,30.4826,600,13.35,13.96,12.96,88.0567,96,82,38.0,3760589
2017-12-01 13:40:00,9.5641,12.4760,6.4280,0.9399,600,9.7041,12.0273,6.4268,0.9531,600,9.4604,12.5560,6.3880,1.0347,600,8.4654,12.4600,4.8100,1.3970,600,76.1380,8.6968,600,256.4105,10.2763,600,26.8887,27.1708,26.7474,0.0935,600,27.8169,28.3226,27.5096,0.2165,600,6.2251,6.4882,6.0485,0.1253,600,4.4353,5.3548,4.0208,0.1994,600,2.0409,2.0460,2.0383,0.0017,2.0576,2.0667,2.0521,0.0039,12.1483,16.0000,8.0000,1.2432,600,11.9850,16.0000,8.0000,1.3421,600,10.7783,16.0000,6.0000,1.8261,600,15.2667,19.0000,10.0000,1.5317,600,216.6583,300,168,24.7943,600,13.36,13.91,12.96,87.9500,96,82,38.0,3760643
2017-12-01 13:50:00,8.3205,11.7200,4.1600,1.4633,600,8.3071,11.4050,4.5600,1.5650,600,8.4787,11.0140,4.0750,1.4773,600,7.6788,10.9300,3.2800,1.6183,600,79.2795,11.8762,600,261.9229,13.8006,600,27.2416,27.6112,26.9337,0.2030,600,28.1822,28.7122,27.7637,0.2813,600,6.2234,6.4846,6.0494,0.1255,600,4.5264,5.1820,3.6448,0.2548,600,2.0472,2.0539,2.0417,0.0037,2.0642,2.0737,2.0566,0.0051,10.5033,15.0000,5.0000,1.9355,600,10.7117,14.0000,5.0000,1.9161,600,9.7500,14.0000,4.0000,2.1154,600,13.0217,18.0000,7.0000,2.5150,600,225.3917,301,88,33.8919,600,13.36,13.96,12.96,88.4600,96,82,38.0,3760697
2017-12-01 14:00:00,9.3966,13.2320,7.1840,0.8653,600,9.4376,12.0273,6.4268,0.8702,600,9.3024,12.5560,5.6170,1.0203,600,8.4106,11.6950,4.8100,1.2980,600,81.2871,8.6706,600,261.6858,9.2448,600,26.9355,27.2386,26.7643,0.1054,600,27.7638,28.2040,27.4926,0.1845,600,6.2248,6.4824,6.0503,0.1243,600,4.5245,5.0478,3.7419,0.1836,600,2.0417,2.0472,2.0386,0.0019,2.0566,2.0646,2.0518,0.0033,11.9267,17.0000,9.0000,1.1446,600,11.7800,16.0000,7.0000,1.3233,600,10.7067,15.0000,6.0000,1.6967,600,14.8383,19.0000,10.0000,1.3984,600,231.1650,305,142,24.7189,600,13.36,13.96,12.96,88.6267,96,84,38.0,3760751
2017-12-01 14:10:00,9.2668,12.4760,4.9160,1.2822,600,9.2976,12.6495,4.5600,1.3987,600,9.1816,12.5560,5.6170,1.3457,600,8.0459,11.6950,4.0450,1.4668,600,76.0075,9.9054,600,256.1896,10.0597,600,26.9996,27.3910,26.7474,0.1710,600,27.8622,28.1702,27.5435,0.1795,600,6.2262,6.4800,6.0475,0.1211,600,4.4313,5.0938,3.8588,0.1971,600,2.0429,2.0499,2.0383,0.0031,2.0584,2.0640,2.0527,0.0032,11.7550,16.0000,6.0000,1.6960,600,11.6233,16.0000,7.0000,1.7454,600,10.2300,15.0000,5.0000,1.9174,600,14.6133,20.0000,7.0000,2.2477,600,216.2550,306,138,28.2467,600,13.36,13.96,12.96,87.9333,96,82,38.0,3760805
2017-12-01 14:20:00,8.5372,11.7200,4.9160,1.2408,600,8.5104,11.4050,4.5600,1.4170,600,8.4132,11.0140,3.3040,1.3396,600,7.8165,10.1650,4.0450,1.2230,600,77.6971,9.9486,600,256.8823,10.3667,600,26.9720,27.2894,26.7982,0.1097,600,27.8435,28.2548,27.5943,0.1430,600,6.2292,6.4779,6.0485,0.1230,600,4.4449,5.4485,3.7004,0.1985,600,2.0424,2.0481,2.0392,0.0020,2.0581,2.0655,2.0536,0.0026,10.7900,15.0000,6.0000,1.6413,600,10.6267,14.0000,4.0000,1.7375,600,9.9300,13.0000,5.0000,1.5988,600,13.3483,18.0000,7.0000,2.2772,600,220.9883,306,114,28.3891,600,13.37,13.91,12.96,87.6433,94,82,38.0,3760859
2017-12-01 14:30:00,8.3747,10.9640,4.9160,1.1149,600,8.4554,10.7827,4.5600,1.1875,600,8.3052,11.0140,4.8460,1.2168,600,7.7450,10.9300,4.8100,1.2033,600,72.4601,9.6574,600,253.8153,11.1042,600,27.0474,27.4080,26.7643,0.2090,600,27.8938,28.3057,27.5265,0.2742,600,6.2311,6.4745,6.0503,0.1214,600,4.3941,5.2055,3.5636,0.2133,600,2.0437,2.0502,2.0386,0.0038,2.0590,2.0664,2.0524,0.0049,10.5750,14.0000,6.0000,1.4747,600,10.4867,14.0000,6.0000,1.5782,600,9.8367,14.0000,6.0000,1.5729,600,13.2600,17.0000,7.0000,1.9084,600,206.1883,316,135,27.5492,600,13.37,13.91,12.96,88.2133,96,80,38.0,3760913
2017-12-01 14:40:00,8.7162,11.7200,5.6720,1.0591,600,8.7261,11.4050,5.1823,1.1436,600,8.6843,11.0140,5.6170,1.1265,600,7.7846,11.6950,4.0450,1.2462,600,76.5464,9.1502,600,257.4082,10.6344,600,27.1174,27.3741,26.8998,0.1356,600,27.8838,28.2548,27.6790,0.1639,600,6.2345,6.4730,6.0509,0.1214,600,4.4581,5.1317,3.9396,0.2036,600,2.0450,2.0496,2.0411,0.0024,2.0588,2.0655,2.0551,0.0030,11.0267,15.0000,7.0000,1.4009,600,10.9783,14.0000,7.0000,1.4611,600,9.8883,15.0000,5.0000,1.6290,600,13.6950,18.0000,8.0000,1.8378,600,217.7933,299,149,26.0876,600,13.38,13.91,12.96,88.7167,96,82,38.0,3760968
2017-12-01 14:50:00,8.8611,10.9640,5.6720,0.9442,600,9.0061,10.7827,5.1823,0.9542,600,8.7421,11.0140,5.6170,0.9567,600,7.8802,10.9300,4.0450,1.1287,600,74.0050,4.5276,600,253.3827,5.1840,600,26.7977,26.9337,26.6796,0.0629,600,27.7146,27.8822,27.5604,0.0804,600,6.2402,6.4733,6.0524,0.1207,600,4.3920,4.8717,4.0156,0.1206,600,2.0392,2.0417,2.0371,0.0011,2.0558,2.0588,2.0530,0.0014,11.2183,14.0000,7.0000,1.2490,600,11.0533,14.0000,7.0000,1.2409,600,10.0133,14.0000,5.0000,1.4754,600,14.1450,17.0000,8.0000,1.5334,600,210.5017,271,152,12.9042,600,13.39,13.91,12.96,88.0600,96,82,38.0,3761022
2017-12-01 15:00:00,8.8018,10.9640,4.1600,1.2960,600,8.8620,11.4050,4.5600,1.3577,600,8.7473,11.7850,4.8460,1.2028,600,7.9580,11.6950,4.0450,1.4935,600,75.4412,7.3463,600,256.5628,7.7347,600,26.9848,27.3571,26.7474,0.1861,600,27.7872,28.1532,27.5943,0.1645,600,6.2449,6.4675,6.0537,0.1193,600,4.4505,4.9562,3.9467,0.1590,600,2.0426,2.0493,2.0383,0.0034,2.0571,2.0637,2.0536,0.0030,11.1400,14.0000,5.0000,1.7142,600,11.0600,15.0000,6.0000,1.5601,600,10.1150,15.0000,5.0000,1.9523,600,13.9133,18.0000,7.0000,2.1818,600,214.5800,279,138,20.9393,600,13.40,13.91,12.96,87.6167,94,82,38.0,3761077
2017-12-01 15:10:00,9.1320,10.9640,4.9160,1.0021,600,9.1959,11.4050,5.1823,1.0710,600,8.9991,11.7850,4.8460,1.3344,600,7.7208,11.6950,4.0450,1.4834,600,81.3700,7.5955,600,262.5346,9.2173,600,26.9366,27.0353,26.8151,0.0584,600,27.7984,28.0177,27.5943,0.1008,600,6.2578,6.4681,6.0503,0.1199,600,4.5633,5.2449,3.6787,0.1824,600,2.0417,2.0435,2.0396,0.0011,2.0573,2.0612,2.0536,0.0018,11.5767,14.0000,6.0000,1.3255,600,11.3867,15.0000,6.0000,1.7307,600,9.8050,15.0000,5.0000,1.9390,600,14.4500,18.0000,8.0000,1.7212,600,231.4450,306,155,21.6501,600,13.43,13.91,12.96,87.8233,96,84,38.0,3761131
2017-12-01 15:20:00,9.9321,12.4760,5.6720,1.4701,600,9.9769,12.6495,5.8046,1.5847,600,9.6082,13.3270,5.6170,1.5749,600,7.7986,12.4600,3.2800,1.7157,600,78.6750,6.1457,600,259.6125,7.1783,600,26.9360,27.2555,26.6627,0.1894,600,27.8550,28.1532,27.5773,0.1520,600,6.3344,6.4663,6.0500,0.1120,600,4.5683,5.2635,4.0349,0.1535,600,2.0417,2.0475,2.0368,0.0034,2.0583,2.0637,2.0533,0.0027,12.6350,16.0000,7.0000,1.9446,600,12.1767,17.0000,7.0000,2.0426,600,9.9067,16.0000,4.0000,2.2427,600,15.7050,20.0000,9.0000,2.5467,600,223.7983,299,166,17.5187,600,13.60,13.91,12.96,87.3233,96,82,38.0,3761186
2017-12-01 15:30:00,9.4381,12.4760,6.4280,1.1700,600,9.4459,12.0273,6.4268,1.2712,600,9.4810,12.5560,5.6170,1.2123,600,8.3558,12.4600,4.8100,1.4684,600,80.5004,7.6357,600,261.0918,8.6256,600,26.9589,27.1031,26.7474,0.0972,600,27.6477,27.8483,27.4249,0.1213,600,6.0575,6.1751,5.9911,0.0374,600,4.3928,4.9202,3.9677,0.1311,600,2.0421,2.0447,2.0383,0.0018,2.0546,2.0582,2.0505,0.0022,11.9817,16.0000,8.0000,1.5477,600,12.0117,16.0000,7.0000,1.5724,600,10.6350,16.0000,6.0000,1.9195,600,14.8517,19.0000,10.0000,2.0429,600,228.9633,300,149,21.7603,600,12.98,13.26,12.81,90.5400,98,86,38.0,3761240
2017-12-01 15:40:00,8.5587,12.4760,5.6720,1.4126,600,8.4368,12.6495,5.1823,1.5838,600,8.1767,11.7850,4.8460,1.4300,600,7.1802,10.9300,2.5150,1.5607,600,79.4947,9.5400,600,258.3638,10.3120,600,27.0760,27.3063,26.8490,0.1370,600,27.8663,28.0685,27.6281,0.1259,600,5.9938,6.0228,5.9655,0.0162,600,4.3018,4.9147,3.6723,0.1734,600,2.0443,2.0484,2.0402,0.0025,2.0585,2.0621,2.0542,0.0023,10.8183,16.0000,7.0000,1.8685,600,10.3200,15.0000,6.0000,1.8547,600,9.0983,14.0000,3.0000,2.0402,600,13.2300,20.0000,8.0000,2.5452,600,226.1233,321,133,27.2095,600,12.84,12.91,12.76,91.4300,98,88,38.0,3761294
2017-12-01 15:50:00,9.5188,11.7200,5.6720,1.3394,600,9.5465,12.0273,5.1823,1.4816,600,9.4592,12.5560,4.8460,1.3453,600,7.9733,10.9300,4.0450,1.3768,600,80.4881,6.9807,600,261.5273,7.9114,600,26.8901,27.1539,26.6966,0.1501,600,27.6103,27.8653,27.3910,0.1539,600,5.9507,5.9688,5.9340,0.0098,600,4.3226,4.7981,3.6055,0.1304,600,2.0409,2.0457,2.0374,0.0027,2.0539,2.0585,2.0499,0.0028,12.0883,15.0000,7.0000,1.7717,600,11.9833,16.0000,6.0000,1.7449,600,10.1350,14.0000,5.0000,1.7997,600,15.0133,19.0000,8.0000,2.3810,600,228.9217,292,156,19.9093,600,12.75,12.81,12.66,92.6133,98,90,38.0,3761348
2017-12-01 16:00:00,10.0946,12.4760,6.4280,1.2504,600,10.1895,12.0273,6.4268,1.3159,600,9.8961,12.5560,6.3880,1.2790,600,8.3672,12.4600,4.8100,1.4175,600,75.3994,4.8326,600,255.5075,5.5458,600,26.7100,26.8829,26.5611,0.0910,600,27.4641,27.5773,27.3741,0.0422,600,5.9220,5.9371,5.9090,0.0071,600,4.2032,4.6132,3.9253,0.0919,600,2.0377,2.0408,2.0350,0.0016,2.0512,2.0533,2.0496,0.0008,12.8500,16.0000,8.0000,1.6539,600,12.5500,16.0000,8.0000,1.6589,600,10.6500,16.0000,6.0000,1.8529,600,16.0467,19.0000,10.0000,2.1147,600,214.4750,285,165,13.7740,600,12.68,12.71,12.66,93.6567,98,90,38.0,3761402
2017-12-01 16:10:00,9.4369,12.4760,7.1840,0.9439,600,9.4905,12.6495,6.4268,1.0317,600,9.1122,11.7850,5.6170,1.1657,600,7.8216,10.9300,4.0450,1.3164,600,73.5187,5.3364,600,254.4533,6.6867,600,26.7734,26.8659,26.6966,0.0341,600,27.4740,27.5435,27.3910,0.0372,600,5.9022,5.9120,5.8919,0.0044,600,4.1718,4.6452,3.7751,0.1091,600,2.0388,2.0405,2.0374,0.0006,2.0514,2.0527,2.0499,0.0007,11.9800,16.0000,9.0000,1.2485,600,11.5333,15.0000,7.0000,1.5120,600,9.9367,14.0000,5.0000,1.7207,600,14.9233,20.0000,10.0000,1.6579,600,209.1283,260,168,15.2018,600,12.65,12.71,12.61,90.7267,98,88,38.0,3761456
2017-12-01 16:20:00,8.8258,11.7200,4.9160,1.3190,600,8.8174,11.4050,5.1823,1.4138,600,8.4170,11.7850,4.8460,1.6012,600,7.0145,10.9300,3.2800,1.4729,600,76.6199,8.2710,600,256.7289,8.5526,600,26.7728,26.8829,26.6458,0.0658,600,27.4741,27.5943,27.2894,0.0796,600,5.8890,5.8974,5.8809,0.0037,600,4.1996,4.7880,3.5939,0.1390,600,2.0388,2.0408,2.0365,0.0012,2.0514,2.0536,2.0481,0.0014,11.1717,15.0000,6.0000,1.7447,600,10.6317,15.0000,6.0000,2.0768,600,8.8817,14.0000,4.0000,1.9254,600,13.8417,18.0000,8.0000,2.2720,600,217.9933,293,142,23.5877,600,12.61,12.66,12.56,88.5800,96,86,37.2,3761510
2017-12-01 16:30:00,8.6078,12.4760,4.1600,1.6525,600,8.5384,13.2718,4.5600,1.8067,600,8.3219,12.5560,4.8460,1.7607,600,7.3804,11.6950,4.0450,1.7962,600,76.0030,7.3554,600,257.7411,9.6255,600,26.8811,27.0353,26.7474,0.0810,600,27.4752,27.6281,27.2555,0.1327,600,5.8801,5.8870,5.8739,0.0024,600,4.2094,4.9644,3.3323,0.1580,600,2.0407,2.0435,2.0383,0.0015,2.0514,2.0542,2.0475,0.0024,10.8833,16.0000,5.0000,2.1858,600,10.5083,16.0000,6.0000,2.2837,600,9.3600,15.0000,5.0000,2.3480,600,13.3933,21.0000,7.0000,2.9033,600,216.1833,286,143,20.9697,600,12.60,12.61,12.56,88.6533,94,88,37.0,3761564
2017-12-01 16:40:00,9.3436,13.2320,4.9160,1.5876,600,9.3515,13.8941,4.5600,1.7180,600,8.9670,12.5560,5.6170,1.5179,600,7.6928,11.6950,3.2800,1.6050,600,76.9206,7.2908,600,256.8781,7.7967,600,26.7811,26.8829,26.6796,0.0467,600,27.2990,27.4080,27.1878,0.0513,600,5.8736,5.8800,5.8675,0.0017,600,4.1910,4.5247,3.7135,0.1274,600,2.0389,2.0408,2.0371,0.0008,2.0483,2.0502,2.0463,0.0009,11.8567,17.0000,6.0000,2.1000,600,11.3450,16.0000,7.0000,1.9687,600,9.7683,15.0000,4.0000,2.0981,600,14.7000,22.0000,7.0000,2.7609,600,218.7950,300,142,20.7820,600,12.57,12.61,12.56,88.7000,94,88,37.0,3761618
2017-12-01 16:50:00,10.9035,13.2320,6.4280,1.0974,600,11.0005,13.2718,6.4268,1.1547,600,10.2893,12.5560,6.3880,1.1583,600,8.4310,12.4600,4.0450,1.4531,600,79.0677,4.1589,600,259.3170,5.5755,600,26.5153,26.6966,26.3917,0.0789,600,27.0341,27.2047,26.9168,0.0869,600,5.8676,5.8718,5.8614,0.0020,600,4.2267,4.6348,3.9149,0.0903,600,2.0341,2.0374,2.0319,0.0014,2.0435,2.0466,2.0414,0.0016,13.9200,17.0000,8.0000,1.4516,600,13.0600,16.0000,8.0000,1.5023,600,10.7333,16.0000,5.0000,1.8995,600,17.3500,21.0000,10.0000,1.8556,600,224.9083,279,188,11.8478,600,12.56,12.61,12.51,89.0000,94,88,37.0,3761673
2017-12-01 17:00:00,8.8245,12.4760,5.6720,1.4556,600,8.8651,12.0273,5.1823,1.5125,600,8.6213,11.7850,4.0750,1.5224,600,7.1241,10.9300,3.2800,1.4986,600,78.2731,7.9300,600,259.0666,8.9587,600,26.4962,26.5780,26.4256,0.0364,600,26.9346,27.0015,26.8659,0.0306,600,5.8617,5.8666,5.8556,0.0021,600,4.2181,4.6785,3.7004,0.1454,600,2.0338,2.0353,2.0325,0.0007,2.0417,2.0429,2.0405,0.0006,11.1700,16.0000,7.0000,1.9254,600,10.8967,15.0000,5.0000,1.9746,600,9.0250,14.0000,4.0000,1.9589,600,13.9183,19.0000,8.0000,2.4307,600,222.6233,306,149,22.6026,600,12.56,12.56,12.51,89.4533,96,88,36.3,3761727
2017-12-01 17:10:00,9.8577,13.2320,5.6720,1.5199,600,9.8638,13.2718,5.8046,1.5710,600,9.1238,12.5560,5.6170,1.6108,600,7.3511,11.6950,4.0450,1.5799,600,82.5547,6.1805,600,264.5134,7.0254,600,26.3390,26.4425,26.2562,0.0501,600,26.7468,26.8829,26.6627,0.0576,600,5.8553,5.8596,5.8498,0.0020,600,4.3022,4.6687,3.9113,0.1139,600,2.0310,2.0328,2.0295,0.0009,2.0383,2.0408,2.0368,0.0010,12.5367,17.0000,7.0000,2.0105,600,11.5483,16.0000,7.0000,2.0892,600,9.3217,15.0000,5.0000,2.0653,600,15.5233,21.0000,9.0000,2.5246,600,234.8150,333,181,17.6207,600,12.54,12.56,12.51,89.3333,94,88,36.0,3761781
2017-12-01 17:20:00,9.5238,12.4760,4.9160,1.4281,600,9.5257,12.6495,5.1823,1.5063,600,8.7935,12.5560,4.8460,1.4598,600,7.2198,10.9300,3.2800,1.3468,600,82.9871,7.1137,600,263.4340,8.6890,600,26.2130,26.2731,26.1546,0.0277,600,26.5835,26.6796,26.4933,0.0495,600,5.8512,5.8550,5.8397,0.0017,600,4.2818,4.7313,3.8514,0.1407,600,2.0287,2.0298,2.0276,0.0005,2.0354,2.0371,2.0338,0.0009,12.0950,16.0000,6.0000,1.8891,600,11.1200,16.0000,6.0000,1.8934,600,9.1500,14.0000,4.0000,1.7605,600,14.9800,20.0000,8.0000,2.4206,600,236.0583,302,184,20.2680,600,12.51,12.56,12.51,90.0800,94,88,35.8,3761835
2017-12-01 17:30:00,8.8800,12.4760,5.6720,1.3946,600,8.9253,12.6495,5.8046,1.4757,600,8.2590,11.0140,4.8460,1.3849,600,6.9316,11.6950,3.2800,1.4870,600,81.8495,7.6068,600,261.8599,8.2324,600,26.1566,26.1884,26.1037,0.0161,600,26.4788,26.5272,26.4425,0.0171,600,5.8485,5.8516,5.8431,0.0015,600,4.2543,4.8134,3.9039,0.1334,600,2.0277,2.0283,2.0267,0.0003,2.0335,2.0344,2.0328,0.0003,11.2433,16.0000,7.0000,1.8448,600,10.4267,14.0000,6.0000,1.7963,600,8.7733,15.0000,4.0000,1.9438,600,14.0150,20.0000,9.0000,2.3715,600,232.8233,313,166,21.6869,600,12.51,12.56,12.51,90.1800,96,88,35.0,3761889
2017-12-01 17:40:00,10.2597,13.2320,6.4280,1.4416,600,10.3140,13.2718,5.8046,1.4937,600,9.1854,13.3270,4.8460,1.5036,600,7.3791,10.9300,3.2800,1.5126,600,84.6145,6.5929,600,265.3857,8.7459,600,26.1454,26.1715,26.1037,0.0128,600,26.4387,26.4764,26.4086,0.0143,600,5.8452,5.8519,5.8403,0.0016,600,4.3088,4.8280,3.4443,0.1419,600,2.0275,2.0280,2.0267,0.0002,2.0328,2.0334,2.0322,0.0003,13.0683,17.0000,8.0000,1.9069,600,11.6283,17.0000,6.0000,1.9502,600,9.3583,14.0000,4.0000,1.9773,600,16.2467,21.0000,9.0000,2.4004,600,240.6767,296,179,18.7880,600,12.51,12.56,12.46,89.6167,98,88,35.0,3761943
2017-12-01 17:50:00,9.6234,12.4760,6.4280,1.2291,600,9.5869,13.2718,6.4268,1.2923,600,8.5031,11.7850,4.8460,1.3991,600,6.6116,9.4000,2.5150,1.3815,600,87.5377,6.9965,600,268.8772,8.9766,600,26.1351,26.1884,26.0868,0.0209,600,26.3918,26.4256,26.3578,0.0167,600,5.8422,5.8458,5.8364,0.0016,600,4.3635,4.8933,3.8441,0.1452,600,2.0273,2.0283,2.0264,0.0004,2.0319,2.0325,2.0313,0.0003,12.2267,16.0000,8.0000,1.6257,600,10.7433,15.0000,6.0000,1.8146,600,8.3550,12.0000,3.0000,1.8058,600,15.0783,21.0000,10.0000,2.0767,600,249.0017,315,197,19.9375,600,12.51,12.56,12.46,89.3933,94,88,34.1,3761997
2017-12-01 18:00:00,10.8682,13.2320,7.9400,1.0302,600,10.9103,13.2718,7.6714,1.0994,600,9.8601,12.5560,6.3880,1.2410,600,8.0970,12.4600,4.0450,1.3557,600,86.6375,5.4845,600,266.8926,7.0593,600,26.1818,26.2054,26.1376,0.0149,600,26.4190,26.4425,26.3748,0.0144,600,5.8399,5.8434,5.8361,0.0011,600,4.3294,4.7401,3.8581,0.1144,600,2.0281,2.0286,2.0273,0.0003,2.0324,2.0328,2.0316,0.0003,13.8733,17.0000,10.0000,1.3627,600,12.5033,16.0000,8.0000,1.6097,600,10.2967,16.0000,5.0000,1.7722,600,17.2050,21.0000,12.0000,1.7668,600,246.4367,306,194,15.6266,600,12.51,12.51,12.46,89.9067,96,88,34.0,3762053
2017-12-01 18:10:00,9.1748,13.9880,5.6720,1.5137,600,9.1814,13.2718,5.1823,1.5563,600,8.3643,12.5560,4.8460,1.5093,600,6.6218,10.9300,2.5150,1.8507,600,85.5031,7.4732,600,265.8216,8.7406,600,26.1586,26.2223,26.1037,0.0280,600,26.4078,26.4594,26.3578,0.0286,600,5.8375,5.8406,5.8312,0.0015,600,4.3105,4.9062,3.8285,0.1414,600,2.0277,2.0289,2.0267,0.0005,2.0322,2.0331,2.0313,0.0005,11.6333,18.0000,7.0000,2.0022,600,10.5633,16.0000,6.0000,1.9576,600,8.3683,14.0000,3.0000,2.4192,600,14.4267,21.0000,8.0000,2.5010,600,243.2133,309,172,21.2974,600,12.50,12.51,12.46,90.0967,96,88,34.0,3762107
2017-12-01 18:20:00,10.4890,14.7440,6.4280,1.7927,600,10.4685,14.5164,6.4268,1.8718,600,9.3114,13.3270,4.8460,1.6873,600,7.2937,11.6950,4.0450,1.6240,600,87.5941,6.9499,600,268.0689,8.6164,600,26.2272,26.2731,26.1376,0.0304,600,26.4439,26.4933,26.3748,0.0285,600,5.8349,5.8388,5.8281,0.0015,600,4.3448,4.7597,3.9210,0.1391,600,2.0290,2.0298,2.0273,0.0005,2.0329,2.0338,2.0316,0.0005,13.3717,19.0000,8.0000,2.3713,600,11.7917,17.0000,6.0000,2.1885,600,9.2467,15.0000,5.0000,2.1229,600,16.4950,23.0000,10.0000,3.0081,600,249.1667,315,175,19.8119,600,12.49,12.51,12.46,90.1767,98,88,34.0,3762161
2017-12-01 18:30:00,9.5717,13.9880,4.9160,1.8482,600,9.5434,13.8941,5.1823,1.9116,600,8.8963,13.3270,4.0750,1.9372,600,7.3600,11.6950,3.2800,1.9037,600,89.1328,6.9184,600,269.3686,9.2060,600,26.2196,26.2731,26.1715,0.0262,600,26.4510,26.5103,26.3917,0.0298,600,5.8327,5.8379,5.8281,0.0014,600,4.3644,4.9324,3.7339,0.1489,600,2.0288,2.0298,2.0280,0.0005,2.0330,2.0341,2.0319,0.0005,12.1583,18.0000,6.0000,2.4447,600,11.2533,17.0000,5.0000,2.5126,600,9.3333,15.0000,4.0000,2.4885,600,15.0083,22.0000,8.0000,3.0720,600,253.5300,318,186,19.7184,600,12.47,12.51,12.46,90.2767,96,88,33.0,3762215
2017-12-01 18:40:00,12.0186,15.5000,7.1840,1.5718,600,12.0677,15.1386,7.0491,1.6157,600,10.8894,14.8690,7.1590,1.6011,600,8.4897,13.2250,4.0450,1.7798,600,89.0202,6.3626,600,269.4447,8.1009,600,26.2570,26.3239,26.2054,0.0318,600,26.4786,26.5441,26.4425,0.0253,600,5.8304,5.8339,5.8235,0.0015,600,4.3639,4.8610,4.0068,0.1307,600,2.0295,2.0307,2.0286,0.0006,2.0335,2.0347,2.0328,0.0005,15.3950,20.0000,9.0000,2.0791,600,13.8383,19.0000,9.0000,2.0767,600,10.8100,17.0000,5.0000,2.3266,600,19.0650,24.0000,11.0000,2.5965,600,253.2283,344,201,18.1443,600,12.46,12.51,12.46,90.4633,96,88,33.0,3762269
2017-12-01 18:50:00,9.7040,13.2320,5.6720,1.4407,600,9.6834,13.2718,5.8046,1.5228,600,8.8770,13.3270,5.6170,1.5054,600,7.1560,11.6950,3.2800,1.5576,600,90.8051,6.7642,600,270.6770,7.8239,600,26.2515,26.3409,26.1715,0.0501,600,26.4899,26.5611,26.3917,0.0459,600,5.8280,5.8318,5.8220,0.0014,600,4.3820,4.9715,3.8798,0.1263,600,2.0294,2.0310,2.0280,0.0009,2.0337,2.0350,2.0319,0.0008,12.3333,17.0000,7.0000,1.9057,600,11.2283,17.0000,7.0000,1.9526,600,9.0667,15.0000,4.0000,2.0361,600,15.2333,21.0000,9.0000,2.4472,600,258.2800,318,196,19.2751,600,12.46,12.51,12.46,90.5467,96,90,33.0,3762324
2017-12-01 19:00:00,12.4306,15.5000,7.9400,1.6038,600,12.4649,15.7609,7.0491,1.6421,600,11.1656,15.6400,6.3880,1.7559,600,8.7166,13.9900,4.0450,1.8234,600,90.1154,5.1464,600,270.4762,7.0810,600,26.2723,26.3409,26.1546,0.0507,600,26.4677,26.5441,26.3748,0.0477,600,5.8259,5.8293,5.8211,0.0012,600,4.3772,4.9831,3.9586,0.1144,600,2.0298,2.0310,2.0276,0.0009,2.0333,2.0347,2.0316,0.0009,15.9400,20.0000,10.0000,2.1215,600,14.1967,20.0000,8.0000,2.2774,600,11.1067,18.0000,5.0000,2.3836,600,19.7033,25.0000,11.0000,2.6389,600,256.3317,307,205,14.6621,600,12.46,12.51,12.46,90.8033,96,88,33.0,3762378
2017-12-01 19:10:00,10.7826,13.9880,7.1840,1.3652,600,10.8408,14.5164,7.0491,1.3969,600,9.6442,13.3270,5.6170,1.4816,600,7.6252,10.9300,4.0450,1.3868,600,90.8998,6.2135,600,270.3476,8.1103,600,26.2736,26.3239,26.2223,0.0162,600,26.4679,26.5103,26.4425,0.0170,600,5.8238,5.8272,5.8190,0.0014,600,4.3736,4.8262,3.9686,0.1308,600,2.0298,2.0307,2.0289,0.0003,2.0333,2.0341,2.0328,0.0003,13.7600,18.0000,9.0000,1.8059,600,12.2233,17.0000,7.0000,1.9217,600,9.6800,14.0000,5.0000,1.8128,600,17.0933,23.0000,11.0000,2.2449,600,258.5667,341,209,17.7050,600,12.46,12.51,12.41,90.5633,98,88,33.0,3762432
2017-12-01 19:20:00,10.8821,15.5000,5.6720,2.2115,600,10.8698,15.7609,5.1823,2.2467,600,10.0284,14.8690,4.0750,2.3065,600,8.1186,13.2250,3.2800,2.1272,600,90.3465,5.7669,600,271.2450,7.0007,600,26.3296,26.4086,26.2393,0.0484,600,26.5051,26.5949,26.4256,0.0450,600,5.8219,5.8263,5.8177,0.0011,600,4.3865,4.8408,3.6991,0.1132,600,2.0308,2.0322,2.0292,0.0009,2.0340,2.0356,2.0325,0.0008,13.8917,20.0000,7.0000,2.9253,600,12.7217,19.0000,5.0000,2.9915,600,10.3250,17.0000,4.0000,2.7807,600,17.1400,25.0000,8.0000,3.6105,600,256.9733,312,171,16.4442,600,12.46,12.51,12.41,90.1767,96,88,33.0,3762486
2017-12-01 19:30:00,11.2072,15.5000,7.1840,1.4791,600,11.2505,15.7609,7.6714,1.5327,600,10.4460,15.6400,6.3880,1.6936,600,8.4425,13.2250,4.0450,1.7937,600,93.1604,5.6079,600,273.9627,6.7521,600,26.3559,26.4256,26.2731,0.0284,600,26.5487,26.5949,26.5103,0.0171,600,5.8196,5.8229,5.8150,0.0012,600,4.4287,4.8137,4.0101,0.1088,600,2.0313,2.0325,2.0298,0.0005,2.0348,2.0356,2.0341,0.0003,14.3217,20.0000,9.0000,1.9565,600,13.2633,20.0000,8.0000,2.1967,600,10.7483,17.0000,5.0000,2.3447,600,17.7517,25.0000,12.0000,2.4631,600,264.9850,317,198,15.9801,600,12.46,12.51,12.41,89.8633,94,88,33.0,3762540
2017-12-01 19:40:00,10.7586,13.9880,6.4280,1.4097,600,10.7475,14.5164,6.4268,1.4852,600,9.6853,13.3270,4.8460,1.5593,600,7.6456,11.6950,4.0450,1.5828,600,92.3733,6.7249,600,272.9464,8.3636,600,26.3131,26.3917,26.2562,0.0405,600,26.5057,26.5780,26.4425,0.0367,600,5.8176,5.8214,5.8119,0.0013,600,4.4108,4.8369,3.9491,0.1348,600,2.0305,2.0319,2.0295,0.0007,2.0340,2.0353,2.0328,0.0007,13.7283,18.0000,8.0000,1.8647,600,12.2767,17.0000,6.0000,2.0224,600,9.7067,15.0000,5.0000,2.0691,600,16.9433,23.0000,10.0000,2.3867,600,262.7417,320,210,19.1609,600,12.46,12.51,12.41,90.2433,96,88,33.0,3762594
2017-12-01 19:50:00,11.6482,15.5000,6.4280,1.8111,600,11.7037,15.1386,6.4268,1.8541,600,10.2790,14.0980,5.6170,1.6931,600,8.1900,13.2250,3.2800,1.7274,600,94.5824,5.5559,600,274.8625,7.5772,600,26.2594,26.3070,26.1715,0.0302,600,26.4501,26.4764,26.3748,0.0204,600,5.8157,5.8199,5.8104,0.0013,600,4.4403,4.8164,4.0236,0.1220,600,2.0295,2.0304,2.0280,0.0005,2.0330,2.0334,2.0316,0.0004,14.9050,20.0000,8.0000,2.3956,600,13.0467,18.0000,7.0000,2.1960,600,10.4183,17.0000,4.0000,2.2580,600,18.4800,24.0000,10.0000,2.9796,600,269.0433,335,225,15.8332,600,12.45,12.46,12.41,90.2633,96,88,33.0,3762648
2017-12-01 20:00:00,11.3962,14.7440,8.6960,1.2836,600,11.3926,14.5164,8.2937,1.3781,600,9.8691,13.3270,5.6170,1.4429,600,7.4913,12.4600,4.0450,1.7274,600,93.9498,5.4394,600,274.3079,7.9674,600,26.2102,26.2562,26.1715,0.0199,600,26.3822,26.4086,26.3409,0.0117,600,5.8140,5.8184,5.8071,0.0014,600,4.4301,4.8280,3.9357,0.1283,600,2.0287,2.0295,2.0280,0.0004,2.0318,2.0322,2.0310,0.0002,14.5717,19.0000,11.0000,1.6979,600,12.5150,17.0000,7.0000,1.8714,600,9.5050,16.0000,5.0000,2.2580,600,17.9800,23.0000,13.0000,2.2146,600,267.2283,312,204,15.4991,600,12.45,12.46,12.41,90.2100,96,88,33.0,3762702
2017-12-01 20:10:00,11.0560,14.7440,7.1840,1.3493,600,11.0679,14.5164,7.0491,1.3956,600,9.8691,16.4110,5.6170,1.6585,600,7.7106,12.4600,3.2800,1.7684,600,95.1728,5.4096,600,275.4412,8.5308,600,26.2513,26.2901,26.2054,0.0175,600,26.4139,26.4764,26.3578,0.0274,600,5.8121,5.8162,5.8068,0.0015,600,4.4470,5.0319,3.9738,0.1373,600,2.0294,2.0301,2.0286,0.0003,2.0323,2.0334,2.0313,0.0005,14.1217,19.0000,9.0000,1.7848,600,12.5150,21.0000,7.0000,2.1512,600,9.7917,16.0000,4.0000,2.3117,600,17.4583,23.0000,11.0000,2.2428,600,270.7100,318,221,15.4114,600,12.43,12.46,12.41,90.3900,96,88,32.5,3762756
2017-12-01 20:20:00,11.3370,14.7440,6.4280,1.4987,600,11.3936,14.5164,6.4268,1.5451,600,10.0348,14.0980,4.8460,1.6557,600,7.6724,11.6950,2.5150,1.7456,600,96.4035,5.6363,600,277.1473,8.5631,600,26.2583,26.3070,26.1884,0.0295,600,26.4210,26.4764,26.3748,0.0245,600,5.8103,5.8138,5.8049,0.0015,600,4.4732,5.0230,4.1169,0.1377,600,2.0295,2.0304,2.0283,0.0005,2.0325,2.0334,2.0316,0.0004,14.4933,19.0000,8.0000,1.9824,600,12.7300,18.0000,6.0000,2.1474,600,9.7417,15.0000,3.0000,2.2819,600,17.9817,23.0000,10.0000,2.4829,600,274.2267,354,229,16.0674,600,12.42,12.46,12.41,90.4033,96,88,32.0,3762811
2017-12-01 20:30:00,11.3596,14.7440,8.6960,1.1712,600,11.4309,13.8941,8.2937,1.2533,600,10.0143,14.0980,6.3880,1.3414,600,7.5500,11.6950,4.0450,1.4083,600,98.3362,5.2966,600,278.7761,7.5299,600,26.2575,26.3070,26.2223,0.0172,600,26.4026,26.4425,26.3578,0.0176,600,5.8086,5.8116,5.8043,0.0012,600,4.4981,4.8744,4.0886,0.1211,600,2.0295,2.0304,2.0289,0.0003,2.0321,2.0328,2.0313,0.0003,14.5233,19.0000,11.0000,1.5492,600,12.7033,18.0000,8.0000,1.7398,600,9.5817,15.0000,5.0000,1.8409,600,18.0417,22.0000,13.0000,2.0141,600,279.7100,327,227,15.0926,600,12.41,12.46,12.41,90.2867,96,88,32.0,3762865
2017-12-01 20:40:00,10.9300,13.9880,7.9400,1.0717,600,11.0285,13.8941,7.6714,1.1180,600,9.7676,12.5560,5.6170,1.2718,600,7.7502,12.4600,4.0450,1.4658,600,100.6102,5.4815,600,281.4719,8.6897,600,26.2575,26.2901,26.2223,0.0141,600,26.4141,26.4764,26.3578,0.0326,600,5.8065,5.8113,5.8025,0.0014,600,4.5399,5.1344,3.8975,0.1398,600,2.0295,2.0301,2.0289,0.0003,2.0323,2.0334,2.0313,0.0006,13.9550,18.0000,10.0000,1.4176,600,12.3833,16.0000,7.0000,1.6495,600,9.8433,16.0000,5.0000,1.9161,600,17.3950,22.0000,12.0000,1.7966,600,286.1767,328,219,15.6214,600,12.41,12.46,12.36,90.4033,96,88,32.0,3762919
2017-12-01 20:50:00,11.0245,13.2320,7.1840,1.1583,600,11.1105,13.2718,7.0491,1.2203,600,10.0014,12.5560,6.3880,1.2286,600,7.6851,11.6950,4.0450,1.4097,600,100.0598,5.2881,600,280.2809,7.1964,600,26.2802,26.3239,26.2393,0.0203,600,26.4357,26.4594,26.4086,0.0101,600,5.8050,5.8083,5.8003,0.0012,600,4.5196,4.9287,4.1713,0.1156,600,2.0299,2.0307,2.0292,0.0004,2.0327,2.0331,2.0322,0.0002,14.0800,17.0000,9.0000,1.5322,600,12.6867,16.0000,8.0000,1.5935,600,9.7583,15.0000,5.0000,1.8427,600,17.5267,21.0000,11.0000,1.9610,600,284.6150,341,236,15.0695,600,12.41,12.46,12.41,90.2267,96,88,32.0,3762973
2017-12-01 21:00:00,9.5238,13.2320,6.4280,1.4134,600,9.6066,13.2718,6.4268,1.4366,600,8.5185,12.5560,5.6170,1.4362,600,6.3910,10.1650,3.2800,1.2287,600,101.6458,5.4934,600,282.3905,8.0040,600,26.2557,26.3239,26.1546,0.0466,600,26.4028,26.4594,26.3239,0.0338,600,5.8032,5.8071,5.7982,0.0013,600,4.5522,5.0844,4.2067,0.1286,600,2.0295,2.0307,2.0276,0.0008,2.0321,2.0331,2.0307,0.0006,12.0950,17.0000,8.0000,1.8695,600,10.7633,16.0000,7.0000,1.8627,600,8.0667,13.0000,4.0000,1.6062,600,15.1100,21.0000,10.0000,2.3087,600,289.1283,340,234,15.6531,600,12.41,12.46,12.36,90.3367,96,88,32.0,3763027
2017-12-01 21:10:00,10.0845,12.4760,7.1840,1.0457,600,10.1605,12.6495,7.0491,1.0989,600,8.8218,12.5560,5.6170,1.3584,600,6.7047,10.9300,3.2800,1.4068,600,99.8393,5.2326,600,280.2159,7.7731,600,26.2669,26.3239,26.1884,0.0338,600,26.3582,26.4425,26.2731,0.0476,600,5.8020,5.8055,5.7970,0.0013,600,4.5161,4.9458,4.1026,0.1248,600,2.0297,2.0307,2.0283,0.0006,2.0313,2.0328,2.0298,0.0009,12.8367,16.0000,9.0000,1.3832,600,11.1567,16.0000,7.0000,1.7618,600,8.4767,14.0000,4.0000,1.8390,600,16.0000,20.0000,11.0000,1.7659,600,283.9883,333,235,14.9060,600,12.41,12.46,12.41,90.3767,96,88,32.0,3763083
2017-12-01 21:20:00,10.5255,13.9880,6.4280,1.4034,600,10.5680,13.8941,5.8046,1.4911,600,9.3808,13.3270,5.6170,1.6096,600,7.0412,11.6950,4.0450,1.5145,600,103.5475,5.3285,600,285.4577,8.0324,600,26.3383,26.4086,26.2901,0.0304,600,26.4603,26.5103,26.4086,0.0270,600,5.7995,5.8031,5.7939,0.0015,600,4.5987,4.9950,4.2494,0.1287,600,2.0310,2.0322,2.0301,0.0005,2.0332,2.0341,2.0322,0.0005,13.4200,18.0000,8.0000,1.8563,600,11.8817,17.0000,7.0000,2.0876,600,8.9167,15.0000,5.0000,1.9798,600,16.6550,22.0000,9.0000,2.3963,600,294.5367,346,248,15.1787,600,12.41,12.46,12.36,90.3967,96,88,32.0,3763137
2017-12-01 21:30:00,9.4432,13.2320,5.6720,1.3941,600,9.4397,13.2718,5.8046,1.4557,600,8.3476,13.3270,4.0750,1.4719,600,6.4764,10.9300,3.2800,1.2170,600,102.2829,6.7245,600,283.2875,8.7907,600,26.2610,26.3239,26.2054,0.0247,600,26.3978,26.4425,26.3578,0.0167,600,5.7979,5.8022,5.7927,0.0014,600,4.5625,5.0380,4.0632,0.1411,600,2.0296,2.0307,2.0286,0.0004,2.0320,2.0328,2.0313,0.0003,11.9883,17.0000,7.0000,1.8441,600,10.5417,17.0000,5.0000,1.9090,600,8.1783,14.0000,4.0000,1.5908,600,14.8417,21.0000,9.0000,2.3393,600,290.9383,356,228,19.1646,600,12.41,12.46,12.36,90.4500,96,90,32.0,3763191
2017-12-01 21:40:00,9.9938,13.2320,6.4280,1.2788,600,10.0619,13.2718,5.8046,1.3396,600,8.7254,12.5560,4.8460,1.4068,600,6.3464,10.1650,3.2800,1.3714,600,103.9987,6.5982,600,284.4446,10.6451,600,26.2072,26.2562,26.1376,0.0237,600,26.3500,26.3917,26.2731,0.0233,600,5.7962,5.8003,5.7894,0.0018,600,4.5799,5.0981,4.0516,0.1707,600,2.0286,2.0295,2.0273,0.0004,2.0312,2.0319,2.0298,0.0004,12.7167,17.0000,8.0000,1.6915,600,11.0317,16.0000,6.0000,1.8247,600,8.0083,13.0000,4.0000,1.7927,600,15.8417,21.0000,9.0000,2.1527,600,295.8400,386,227,18.8225,600,12.41,12.46,12.36,90.3400,96,88,32.0,3763245
2017-12-01 21:50:00,11.2311,13.9880,7.1840,1.2445,600,11.3272,14.5164,7.0491,1.3544,600,9.9140,14.0980,5.6170,1.5358,600,7.6775,11.6950,3.2800,1.5706,600,106.4799,5.5092,600,289.1218,8.1015,600,26.2447,26.2901,26.1884,0.0195,600,26.3789,26.4425,26.2731,0.0394,600,5.7941,5.7982,5.7891,0.0014,600,4.6532,5.0764,4.1325,0.1299,600,2.0293,2.0301,2.0283,0.0004,2.0317,2.0328,2.0298,0.0007,14.3533,18.0000,9.0000,1.6461,600,12.5733,18.0000,7.0000,1.9920,600,9.7483,15.0000,4.0000,2.0531,600,17.8750,23.0000,11.0000,2.1765,600,302.8817,387,254,15.7018,600,12.41,12.41,12.36,90.4133,96,88,32.0,3763299
2017-12-01 22:00:00,9.2378,13.2320,4.9160,1.8834,600,9.2831,13.2718,5.8046,1.9938,600,8.4568,12.5560,4.8460,1.7167,600,6.4598,10.9300,2.5150,1.6461,600,105.9004,6.4099,600,287.4591,9.0234,600,26.2072,26.3070,26.1207,0.0566,600,26.4053,26.4764,26.3239,0.0419,600,5.7927,5.7976,5.7881,0.0014,600,4.6254,5.0725,4.0300,0.1448,600,2.0286,2.0304,2.0270,0.0010,2.0322,2.0334,2.0307,0.0008,11.7167,17.0000,6.0000,2.4913,600,10.6833,16.0000,6.0000,2.2267,600,8.1567,14.0000,3.0000,2.1517,600,14.5900,21.0000,9.0000,3.2040,600,301.2283,355,235,18.2680,600,12.40,12.41,12.36,90.2733,96,88,32.0,3763353
2017-12-01 22:10:00,10.6377,13.9880,7.1840,1.2460,600,10.7516,13.8941,7.0491,1.3164,600,9.7676,13.3270,5.6170,1.3342,600,7.7374,10.9300,4.0450,1.4027,600,106.8918,6.1383,600,288.5827,8.3407,600,26.1733,26.2054,26.1207,0.0141,600,26.3854,26.4086,26.3409,0.0147,600,5.7910,5.7945,5.7845,0.0015,600,4.6423,5.3697,4.2656,0.1337,600,2.0280,2.0286,2.0270,0.0003,2.0318,2.0322,2.0310,0.0003,13.5683,18.0000,9.0000,1.6482,600,12.3833,17.0000,7.0000,1.7305,600,9.8267,14.0000,5.0000,1.8336,600,16.9500,22.0000,11.0000,2.1154,600,304.0633,358,248,17.4915,600,12.40,12.41,12.36,90.2767,94,88,32.0,3763407
2017-12-01 22:20:00,9.2101,13.2320,5.6720,1.3310,600,9.1980,13.2718,5.1823,1.4545,600,8.0598,11.7850,4.0750,1.4702,600,6.5338,10.1650,3.2800,1.4805,600,107.0773,7.7021,600,288.3980,10.2224,600,26.1214,26.1715,26.0868,0.0174,600,26.3337,26.3917,26.2731,0.0347,600,5.7888,5.7936,5.7830,0.0018,600,4.6373,5.1491,4.1691,0.1639,600,2.0271,2.0280,2.0264,0.0003,2.0309,2.0319,2.0298,0.0006,11.6800,17.0000,7.0000,1.7605,600,10.1683,15.0000,5.0000,1.9068,600,8.2533,13.0000,4.0000,1.9353,600,14.4533,21.0000,8.0000,2.3374,600,304.5650,368,224,21.9549,600,12.38,12.41,12.36,92.7133,100,88,32.0,3763461
2017-12-01 22:30:00,10.7788,13.9880,7.9400,1.2181,600,10.9435,13.8941,7.6714,1.2705,600,9.8305,12.5560,6.3880,1.1993,600,7.4556,10.9300,4.0450,1.3735,600,107.5474,5.3069,600,288.9506,7.4622,600,26.1412,26.2054,26.0868,0.0293,600,26.3112,26.3748,26.2562,0.0293,600,5.7865,5.7909,5.7814,0.0013,600,4.6444,5.0157,4.1481,0.1195,600,2.0274,2.0286,2.0264,0.0005,2.0305,2.0316,2.0295,0.0005,13.7550,18.0000,10.0000,1.6112,600,12.4650,16.0000,8.0000,1.5555,600,9.4583,14.0000,5.0000,1.7954,600,17.2583,22.0000,12.0000,2.0417,600,305.9167,361,262,15.1194,600,12.36,12.41,12.36,95.2533,100,90,32.0,3763516
2017-12-01 22:40:00,9.2995,12.4760,4.1600,1.4090,600,9.4044,13.2718,4.5600,1.5577,600,8.1780,11.7850,4.0750,1.4853,600,6.2303,11.6950,2.5150,1.4559,600,115.9720,7.9120,600,297.9029,10.1734,600,26.0896,26.2054,26.0021,0.0605,600,26.3445,26.4086,26.2562,0.0374,600,5.7840,5.7878,5.7768,0.0017,600,4.7865,5.3252,4.3211,0.1627,600,2.0265,2.0286,2.0249,0.0011,2.0311,2.0322,2.0295,0.0007,11.7983,16.0000,5.0000,1.8637,600,10.3217,15.0000,5.0000,1.9264,600,7.8567,15.0000,3.0000,1.9032,600,14.7850,21.0000,7.0000,2.5032,600,329.8867,406,251,22.5505,600,12.36,12.41,12.36,94.6433,100,90,32.0,3763570
2017-12-01 22:50:00,9.6007,13.2320,6.4280,1.4245,600,9.7384,13.2718,5.8046,1.5463,600,8.8398,14.0980,4.0750,1.5841,600,7.0158,10.9300,3.2800,1.5833,600,117.2803,6.8057,600,300.4781,8.3227,600,25.9686,26.0021,25.9344,0.0166,600,26.1998,26.2731,26.1546,0.0311,600,5.7819,5.7863,5.7756,0.0015,600,4.8259,5.2437,4.3217,0.1331,600,2.0243,2.0249,2.0237,0.0003,2.0285,2.0298,2.0276,0.0006,12.1967,17.0000,8.0000,1.8843,600,11.1800,18.0000,5.0000,2.0546,600,8.8833,14.0000,4.0000,2.0697,600,15.3217,21.0000,9.0000,2.4850,600,333.5967,414,268,19.4009,600,12.36,12.41,12.36,94.4133,100,90,32.6,3763624
2017-12-01 23:00:00,9.7720,13.2320,6.4280,1.3295,600,9.9001,13.2718,6.4268,1.4174,600,8.8385,12.5560,4.8460,1.4463,600,6.6473,10.1650,3.2800,1.3930,600,114.7608,6.0291,600,297.0408,7.9749,600,25.9715,26.0021,25.9005,0.0206,600,26.1788,26.2054,26.1207,0.0179,600,5.7806,5.7839,5.7732,0.0013,600,4.7697,5.5538,4.3361,0.1277,600,2.0244,2.0249,2.0231,0.0004,2.0281,2.0286,2.0270,0.0003,12.4233,17.0000,8.0000,1.7586,600,11.1783,16.0000,6.0000,1.8759,600,8.4017,13.0000,4.0000,1.8209,600,15.5817,21.0000,10.0000,2.2779,600,326.4350,384,272,17.1780,600,12.36,12.41,12.36,94.6167,100,92,32.9,3763678
2017-12-01 23:10:00,8.7199,11.7200,5.6720,1.2602,600,8.8381,12.0273,5.1823,1.3592,600,7.9724,12.5560,4.8460,1.4001,600,6.0582,10.1650,3.2800,1.3326,600,116.7303,6.9936,600,298.5541,8.6151,600,25.8654,25.9344,25.8158,0.0287,600,26.0622,26.1546,26.0021,0.0408,600,5.7790,5.7826,5.7735,0.0015,600,4.7926,5.2632,4.3022,0.1376,600,2.0224,2.0237,2.0215,0.0005,2.0260,2.0276,2.0249,0.0007,11.0317,15.0000,7.0000,1.6669,600,10.0550,16.0000,6.0000,1.8159,600,7.6317,13.0000,4.0000,1.7419,600,13.8750,19.0000,8.0000,2.1842,600,332.0350,380,279,19.9208,600,12.36,12.41,12.36,94.7333,100,94,32.0,3763732
2017-12-01 23:20:00,10.0946,12.4760,6.4280,1.2280,600,10.2808,13.2718,6.4268,1.3063,600,9.3178,12.5560,5.6170,1.2858,600,7.2401,10.9300,4.0450,1.3528,600,116.1737,6.6894,600,299.4913,7.8325,600,25.8457,25.8836,25.7989,0.0192,600,26.0477,26.0868,26.0021,0.0167,600,5.7772,5.7820,5.7732,0.0014,600,4.8062,5.2437,4.3745,0.1251,600,2.0221,2.0228,2.0212,0.0003,2.0257,2.0264,2.0249,0.0003,12.8500,16.0000,8.0000,1.6244,600,11.8000,16.0000,7.0000,1.6677,600,9.1767,14.0000,5.0000,1.7684,600,16.1933,21.0000,10.0000,2.0992,600,330.4567,405,263,19.0633,600,12.36,12.41,12.31,95.4233,102,92,32.0,3763786
2017-12-01 23:30:00,9.3625,12.4760,5.6720,1.1870,600,9.4998,12.0273,5.1823,1.2991,600,8.6573,11.0140,4.8460,1.2274,600,7.1394,10.9300,3.2800,1.3472,600,117.7158,5.8929,600,300.5880,7.2801,600,25.8082,25.8497,25.7650,0.0238,600,26.0241,26.0699,25.9682,0.0282,600,5.7750,5.7796,5.7695,0.0015,600,4.8219,5.2889,4.3904,0.1163,600,2.0214,2.0222,2.0206,0.0004,2.0253,2.0261,2.0243,0.0005,11.8817,16.0000,7.0000,1.5701,600,10.9433,14.0000,6.0000,1.5920,600,9.0450,14.0000,4.0000,1.7611,600,14.9383,19.0000,8.0000,2.0877,600,334.8333,386,278,16.7903,600,12.36,12.41,12.31,95.3167,102,94,32.0,3763840
2017-12-01 23:40:00,9.6019,12.4760,6.4280,1.3526,600,9.8192,12.6495,6.4268,1.4011,600,8.8308,11.7850,4.8460,1.3193,600,6.6511,10.1650,3.2800,1.3925,600,117.8685,6.4345,600,298.9546,8.3466,600,25.7627,25.7989,25.7142,0.0196,600,25.9375,25.9852,25.8836,0.0256,600,5.7735,5.7793,5.7674,0.0014,600,4.7945,5.4640,4.3309,0.1335,600,2.0206,2.0212,2.0197,0.0004,2.0237,2.0246,2.0228,0.0005,12.1983,16.0000,8.0000,1.7891,600,11.1683,15.0000,6.0000,1.7112,600,8.4067,13.0000,4.0000,1.8203,600,15.4517,20.0000,10.0000,2.2515,600,335.2733,400,276,18.3387,600,12.36,12.36,12.31,95.6233,102,94,32.0,3763894
2017-12-01 23:50:00,8.9001,12.4760,4.9160,1.3316,600,9.0456,12.6495,5.1823,1.3523,600,8.1099,11.7850,4.8460,1.4894,600,6.3846,10.1650,3.2800,1.4334,600,116.1509,6.3474,600,299.6309,7.4750,600,25.7296,25.7819,25.6634,0.0312,600,25.8901,25.9344,25.8158,0.0287,600,5.7717,5.7784,5.7598,0.0028,600,4.8039,5.1878,4.4142,0.1192,600,2.0200,2.0209,2.0188,0.0006,2.0229,2.0237,2.0215,0.0005,11.2700,16.0000,6.0000,1.7613,600,10.2333,15.0000,6.0000,1.9318,600,8.0583,13.0000,4.0000,1.8737,600,14.2083,20.0000,8.0000,2.1732,600,330.3967,399,267,18.0931,600,12.35,12.41,12.31,96.8333,106,92,32.0,3763948

[System]
serial=D161053
type=Meteo-40M
name=TA Mutamba 8538
timezone=UTC-03:00
source_data_storage_total=1960.512 MiB
software_version=1.5.10+12-1
latitude=
longitude=
altitude=
cecs_power_permanent=true
modem_permanent=true;S1
ethernet_permanent=false;none
[Summary]
csv_created=2017-12-02 07:32:32
source_data_storage_used=1839.086 MiB
[Evaluation]
partial=false
file_interval=daily
stat_interval=10 min
[Adjustment]
CS1=199.77 A
CS2=200.00 A
[Master]
rate=1 s
serial_setting=38400 8N1
[Date/time]
statistics=First;
[V1;wind_speed]
statistics=Avg;Max;Min;StdDev;Count;
unit=m/s
sensor_label=V1
sensor_height=78.4
sensor_type=anemometer
sensor_model=NRG #40 Anemometer
formula=linear_cnt
formula_params=C1 var_period var_offset var_slope
var_period=1
var_offset=0.38
var_slope=0.756
[V4;wind_speed]
statistics=Avg;Max;Min;StdDev;Count;
unit=m/s
sensor_label=V4
sensor_height=78
sensor_type=anemometer
sensor_model=Ris P2546A
formula=linear_cnt
formula_params=C4 var_period var_offset var_slope
var_period=1
var_offset=0.20414
var_slope=0.62227
[V2;wind_speed]
statistics=Avg;Max;Min;StdDev;Count;
unit=m/s
sensor_label=V2
sensor_height=50
sensor_type=anemometer
sensor_model=NRG #40 Anemometer
formula=linear_cnt
formula_params=C2 var_period var_offset var_slope
var_period=1
var_offset=0.22
var_slope=0.771
[V3;wind_speed]
statistics=Avg;Max;Min;StdDev;Count;
unit=m/s
sensor_label=V3
sensor_height=20
sensor_type=anemometer
sensor_model=NRG #40 Anemometer
formula=linear_cnt
formula_params=C3 var_period var_offset var_slope
var_period=1
var_offset=0.22
var_slope=0.765
[D 1;wind_direction]
statistics=Avg;StdDev;Count;
unit=
sensor_label=D 1
sensor_height=76.9
sensor_type=wind_vane
sensor_model=Thies Wind Vane 10 Bits Serial Synchron
formula=windvane_dig
formula_params=D1 var_offset var_slope
var_offset=0
var_slope=0.3515625
[D2;wind_direction]
statistics=Avg;StdDev;Count;
protocol=none
unit=
rate=1 s
sensor_label=D2
sensor_height=50
sensor_type=wind_vane
sensor_model=NRG #200P Wind Vane 10k
formula=windvane_pot
formula_params=A3 A4 var_offset var_slope
var_offset=0
var_slope=360
[T1;temperature]
statistics=Avg;Max;Min;StdDev;Count;
unit=C
sensor_label=T1
sensor_height=78
sensor_type=hygro_thermo
sensor_model=NRG #110S Temperature Sensor
formula=linear
formula_params=A5 var_offset var_slope
var_offset=-86.38
var_slope=55.5
[T2;temperature]
statistics=Avg;Max;Min;StdDev;Count;
unit=C
sensor_label=T2
sensor_height=20
sensor_type=hygro_thermo
sensor_model=NRG #110S Temperature Sensor
formula=linear
formula_params=A6 var_offset var_slope
var_offset=-86.38
var_slope=55.5
[A3]
statistics=Avg;Max;Min;StdDev;Count;
unit=V
rate=1 s
range=10 V
[A4]
statistics=Avg;Max;Min;StdDev;Count;
unit=V
rate=1 s
range=10 V
[A5]
statistics=Avg;Max;Min;StdDev;
unit=V
rate=1 s
range=10 V
[A6]
statistics=Avg;Max;Min;StdDev;
unit=V
rate=1 s
range=10 V
[C1]
statistics=Avg;Max;Min;StdDev;Count;
unit=I
rate=1 s
[C2]
statistics=Avg;Max;Min;StdDev;Count;
unit=I
rate=1 s
[C3]
statistics=Avg;Max;Min;StdDev;Count;
unit=I
rate=1 s
[C4]
statistics=Avg;Max;Min;StdDev;Count;
unit=I
rate=1 s
[D1]
statistics=Avg;Max;Min;StdDev;Count;
protocol=thies10bit
rate=1 s
[V]
statistics=Avg;Max;Min;
unit=V
[I]
statistics=Avg;Max;Min;
unit=mA
[T]
statistics=Avg;
unit=C
